user_email,session_id,event_time,event_type,account_name,page_name
rep01@sample.example,S00000,2026-04-05T19:00:00,search,Sample Account 1,Account 360
rep01@sample.example,S00000,2026-04-05T19:01:00,search,Sample Account 1,Account 360
rep01@sample.example,S00000,2026-04-05T19:02:00,search,Sample Account 1,Account 360
rep01@sample.example,S00000,2026-04-05T19:03:00,search,Sample Account 1,Account 360
rep01@sample.example,S00000,2026-04-05T19:04:00,search,Sample Account 1,Account 360
rep01@sample.example,S00000,2026-04-05T19:05:00,search,Sample Account 1,Account 360
rep01@sample.example,S00000,2026-04-05T19:06:00,search,Sample Account 1,Account 360
rep01@sample.example,S00000,2026-04-05T19:07:00,search,Sample Account 1,Account 360
rep02@sample.example,S00001,2025-09-05T19:00:00,search,Sample Account 5,Account 360
rep02@sample.example,S00001,2025-09-05T19:01:00,search,Sample Account 5,Account 360
rep03@sample.example,S00002,2025-06-29T14:00:00,search,Sample Account 9,Account 360
rep03@sample.example,S00002,2025-06-29T14:01:00,opportunity_view,Sample Account 9,Account 360
rep03@sample.example,S00002,2025-06-29T14:02:00,account_view,Sample Account 9,Account 360
rep03@sample.example,S00002,2025-06-29T14:03:00,opportunity_view,Sample Account 9,Account 360
rep03@sample.example,S00002,2025-06-29T14:04:00,account_view,Sample Account 9,Account 360
rep03@sample.example,S00002,2025-06-29T14:05:00,metric_view,Sample Account 9,Account 360
rep03@sample.example,S00002,2025-06-29T14:06:00,opportunity_view,Sample Account 9,Account 360
rep04@sample.example,S00003,2026-05-21T09:00:00,search,Sample Account 10,Account 360
rep04@sample.example,S00003,2026-05-21T09:01:00,search,Sample Account 10,Account 360
rep04@sample.example,S00003,2026-05-21T09:02:00,search,Sample Account 10,Account 360
rep04@sample.example,S00003,2026-05-21T09:03:00,search,Sample Account 10,Account 360
rep05@sample.example,S00004,2025-12-07T21:00:00,search,Sample Account 14,Account 360
rep05@sample.example,S00004,2025-12-07T21:01:00,search,Sample Account 14,Account 360
rep05@sample.example,S00004,2025-12-07T21:02:00,search,Sample Account 14,Account 360
rep05@sample.example,S00004,2025-12-07T21:03:00,search,Sample Account 14,Account 360
rep05@sample.example,S00004,2025-12-07T21:04:00,opportunity_view,Sample Account 14,Account 360
rep05@sample.example,S00004,2025-12-07T21:05:00,search,Sample Account 14,Account 360
rep05@sample.example,S00004,2025-12-07T21:06:00,account_view,Sample Account 14,Account 360
rep06@sample.example,S00005,2026-03-01T08:00:00,activity_view,Sample Account 18,Account 360
rep06@sample.example,S00005,2026-03-01T08:01:00,account_view,Sample Account 18,Account 360
rep07@sample.example,S00006,2025-06-01T08:00:00,search,Sample Account 19,Account 360
rep07@sample.example,S00006,2025-06-01T08:01:00,search,Sample Account 19,Account 360
rep07@sample.example,S00006,2025-06-01T08:02:00,search,Sample Account 19,Account 360
rep07@sample.example,S00006,2025-06-01T08:03:00,search,Sample Account 19,Account 360
rep08@sample.example,S00007,2026-02-27T07:00:00,opportunity_view,Sample Account 23,Account 360
rep08@sample.example,S00007,2026-02-27T07:01:00,search,Sample Account 23,Account 360
rep08@sample.example,S00007,2026-02-27T07:02:00,account_view,Sample Account 23,Account 360
rep08@sample.example,S00007,2026-02-27T07:03:00,account_view,Sample Account 23,Account 360
rep08@sample.example,S00007,2026-02-27T07:04:00,search,Sample Account 23,Account 360
rep08@sample.example,S00007,2026-02-27T07:05:00,search,Sample Account 23,Account 360
rep08@sample.example,S00007,2026-02-27T07:06:00,opportunity_view,Sample Account 23,Account 360
rep09@sample.example,S00008,2025-08-08T23:00:00,activity_view,Sample Account 27,Account 360
rep10@sample.example,S00009,2025-09-30T07:00:00,search,Sample Account 28,Account 360
rep10@sample.example,S00009,2025-09-30T07:01:00,search,Sample Account 28,Account 360
rep10@sample.example,S00009,2025-09-30T07:02:00,search,Sample Account 28,Account 360
rep10@sample.example,S00009,2025-09-30T07:03:00,search,Sample Account 28,Account 360
rep11@sample.example,S00010,2025-08-19T12:00:00,opportunity_view,Sample Account 25,Account 360
rep11@sample.example,S00010,2025-08-19T12:01:00,metric_view,Sample Account 25,Account 360
rep11@sample.example,S00010,2025-08-19T12:02:00,search,Sample Account 25,Account 360
rep11@sample.example,S00010,2025-08-19T12:03:00,opportunity_view,Sample Account 25,Account 360
rep11@sample.example,S00010,2025-08-19T12:04:00,account_view,Sample Account 25,Account 360
rep11@sample.example,S00010,2025-08-19T12:05:00,opportunity_view,Sample Account 25,Account 360
rep11@sample.example,S00010,2025-08-19T12:06:00,metric_view,Sample Account 25,Account 360
rep12@sample.example,S00011,2026-01-11T13:00:00,account_view,Sample Account 1,Account 360
rep12@sample.example,S00011,2026-01-11T13:01:00,opportunity_view,Sample Account 1,Account 360
rep12@sample.example,S00011,2026-01-11T13:02:00,metric_view,Sample Account 1,Account 360
rep12@sample.example,S00011,2026-01-11T13:03:00,activity_view,Sample Account 1,Account 360
rep12@sample.example,S00011,2026-01-11T13:04:00,activity_view,Sample Account 1,Account 360
rep01@sample.example,S00012,2025-09-01T15:00:00,search,Sample Account 1,Account 360
rep01@sample.example,S00012,2025-09-01T15:01:00,search,Sample Account 1,Account 360
rep01@sample.example,S00012,2025-09-01T15:02:00,search,Sample Account 1,Account 360
rep01@sample.example,S00012,2025-09-01T15:03:00,search,Sample Account 1,Account 360
rep01@sample.example,S00012,2025-09-01T15:04:00,search,Sample Account 1,Account 360
rep01@sample.example,S00012,2025-09-01T15:05:00,search,Sample Account 1,Account 360
rep01@sample.example,S00012,2025-09-01T15:06:00,search,Sample Account 1,Account 360
rep02@sample.example,S00013,2025-10-13T04:00:00,search,Sample Account 5,Account 360
rep02@sample.example,S00013,2025-10-13T04:01:00,search,Sample Account 5,Account 360
rep02@sample.example,S00013,2025-10-13T04:02:00,account_view,Sample Account 5,Account 360
rep02@sample.example,S00013,2025-10-13T04:03:00,metric_view,Sample Account 5,Account 360
rep02@sample.example,S00013,2025-10-13T04:04:00,activity_view,Sample Account 5,Account 360
rep02@sample.example,S00013,2025-10-13T04:05:00,activity_view,Sample Account 5,Account 360
rep02@sample.example,S00013,2025-10-13T04:06:00,opportunity_view,Sample Account 5,Account 360
rep03@sample.example,S00014,2025-07-17T22:00:00,account_view,Sample Account 9,Account 360
rep03@sample.example,S00014,2025-07-17T22:01:00,opportunity_view,Sample Account 9,Account 360
rep03@sample.example,S00014,2025-07-17T22:02:00,account_view,Sample Account 9,Account 360
rep04@sample.example,S00015,2025-12-01T18:00:00,search,Sample Account 10,Account 360
rep04@sample.example,S00015,2025-12-01T18:01:00,opportunity_view,Sample Account 10,Account 360
rep04@sample.example,S00015,2025-12-01T18:02:00,search,Sample Account 10,Account 360
rep04@sample.example,S00015,2025-12-01T18:03:00,search,Sample Account 10,Account 360
rep04@sample.example,S00015,2025-12-01T18:04:00,search,Sample Account 10,Account 360
rep04@sample.example,S00015,2025-12-01T18:05:00,opportunity_view,Sample Account 10,Account 360
rep04@sample.example,S00015,2025-12-01T18:06:00,search,Sample Account 10,Account 360
rep05@sample.example,S00016,2026-01-12T22:00:00,search,Sample Account 14,Account 360
rep05@sample.example,S00016,2026-01-12T22:01:00,search,Sample Account 14,Account 360
rep05@sample.example,S00016,2026-01-12T22:02:00,metric_view,Sample Account 14,Account 360
rep06@sample.example,S00017,2025-12-30T20:00:00,account_view,Sample Account 18,Account 360
rep07@sample.example,S00018,2026-04-26T04:00:00,search,Sample Account 19,Account 360
rep07@sample.example,S00018,2026-04-26T04:01:00,search,Sample Account 19,Account 360
rep08@sample.example,S00019,2025-07-20T10:00:00,metric_view,Sample Account 23,Account 360
rep08@sample.example,S00019,2025-07-20T10:01:00,search,Sample Account 23,Account 360
rep09@sample.example,S00020,2025-08-28T10:00:00,activity_view,Sample Account 27,Account 360
rep09@sample.example,S00020,2025-08-28T10:01:00,search,Sample Account 27,Account 360
rep09@sample.example,S00020,2025-08-28T10:02:00,activity_view,Sample Account 27,Account 360
rep09@sample.example,S00020,2025-08-28T10:03:00,search,Sample Account 27,Account 360
rep09@sample.example,S00020,2025-08-28T10:04:00,activity_view,Sample Account 27,Account 360
rep09@sample.example,S00020,2025-08-28T10:05:00,activity_view,Sample Account 27,Account 360
rep10@sample.example,S00021,2026-02-14T20:00:00,search,Sample Account 28,Account 360
rep11@sample.example,S00022,2025-08-01T21:00:00,search,Sample Account 6,Account 360
rep11@sample.example,S00022,2025-08-01T21:01:00,search,Sample Account 6,Account 360
rep12@sample.example,S00023,2026-02-21T04:00:00,account_view,Sample Account 22,Account 360
rep12@sample.example,S00023,2026-02-21T04:01:00,account_view,Sample Account 22,Account 360
rep12@sample.example,S00023,2026-02-21T04:02:00,account_view,Sample Account 22,Account 360
rep12@sample.example,S00023,2026-02-21T04:03:00,opportunity_view,Sample Account 22,Account 360
rep12@sample.example,S00023,2026-02-21T04:04:00,search,Sample Account 22,Account 360
rep12@sample.example,S00023,2026-02-21T04:05:00,activity_view,Sample Account 22,Account 360
rep12@sample.example,S00023,2026-02-21T04:06:00,account_view,Sample Account 22,Account 360
rep12@sample.example,S00023,2026-02-21T04:07:00,opportunity_view,Sample Account 22,Account 360
rep01@sample.example,S00024,2025-10-17T06:00:00,search,Sample Account 1,Account 360
rep01@sample.example,S00024,2025-10-17T06:01:00,search,Sample Account 1,Account 360
rep01@sample.example,S00024,2025-10-17T06:02:00,search,Sample Account 1,Account 360
rep02@sample.example,S00025,2026-05-07T04:00:00,metric_view,Sample Account 5,Account 360
rep02@sample.example,S00025,2026-05-07T04:01:00,activity_view,Sample Account 5,Account 360
rep02@sample.example,S00025,2026-05-07T04:02:00,search,Sample Account 5,Account 360
rep02@sample.example,S00025,2026-05-07T04:03:00,search,Sample Account 5,Account 360
rep03@sample.example,S00026,2025-10-15T17:00:00,metric_view,Sample Account 9,Account 360
rep03@sample.example,S00026,2025-10-15T17:01:00,opportunity_view,Sample Account 9,Account 360
rep03@sample.example,S00026,2025-10-15T17:02:00,account_view,Sample Account 9,Account 360
rep03@sample.example,S00026,2025-10-15T17:03:00,metric_view,Sample Account 9,Account 360
rep04@sample.example,S00027,2025-09-24T11:00:00,search,Sample Account 10,Account 360
rep04@sample.example,S00027,2025-09-24T11:01:00,search,Sample Account 10,Account 360
rep05@sample.example,S00028,2025-10-25T03:00:00,activity_view,Sample Account 14,Account 360
rep05@sample.example,S00028,2025-10-25T03:01:00,search,Sample Account 14,Account 360
rep05@sample.example,S00028,2025-10-25T03:02:00,search,Sample Account 14,Account 360
rep05@sample.example,S00028,2025-10-25T03:03:00,search,Sample Account 14,Account 360
rep05@sample.example,S00028,2025-10-25T03:04:00,search,Sample Account 14,Account 360
rep05@sample.example,S00028,2025-10-25T03:05:00,account_view,Sample Account 14,Account 360
rep05@sample.example,S00028,2025-10-25T03:06:00,account_view,Sample Account 14,Account 360
rep06@sample.example,S00029,2025-12-09T21:00:00,account_view,Sample Account 18,Account 360
rep06@sample.example,S00029,2025-12-09T21:01:00,activity_view,Sample Account 18,Account 360
rep06@sample.example,S00029,2025-12-09T21:02:00,account_view,Sample Account 18,Account 360
rep06@sample.example,S00029,2025-12-09T21:03:00,metric_view,Sample Account 18,Account 360
rep06@sample.example,S00029,2025-12-09T21:04:00,opportunity_view,Sample Account 18,Account 360
rep06@sample.example,S00029,2025-12-09T21:05:00,account_view,Sample Account 18,Account 360
rep07@sample.example,S00030,2026-04-01T19:00:00,search,Sample Account 19,Account 360
rep07@sample.example,S00030,2026-04-01T19:01:00,search,Sample Account 19,Account 360
rep08@sample.example,S00031,2026-02-07T16:00:00,search,Sample Account 23,Account 360
rep08@sample.example,S00031,2026-02-07T16:01:00,activity_view,Sample Account 23,Account 360
rep09@sample.example,S00032,2025-11-22T18:00:00,activity_view,Sample Account 27,Account 360
rep09@sample.example,S00032,2025-11-22T18:01:00,account_view,Sample Account 27,Account 360
rep09@sample.example,S00032,2025-11-22T18:02:00,metric_view,Sample Account 27,Account 360
rep10@sample.example,S00033,2026-01-23T00:00:00,search,Sample Account 28,Account 360
rep10@sample.example,S00033,2026-01-23T00:01:00,search,Sample Account 28,Account 360
rep10@sample.example,S00033,2026-01-23T00:02:00,search,Sample Account 28,Account 360
rep11@sample.example,S00034,2026-03-08T05:00:00,activity_view,Sample Account 6,Account 360
rep11@sample.example,S00034,2026-03-08T05:01:00,account_view,Sample Account 6,Account 360
rep11@sample.example,S00034,2026-03-08T05:02:00,metric_view,Sample Account 6,Account 360
rep11@sample.example,S00034,2026-03-08T05:03:00,opportunity_view,Sample Account 6,Account 360
rep11@sample.example,S00034,2026-03-08T05:04:00,account_view,Sample Account 6,Account 360
rep11@sample.example,S00034,2026-03-08T05:05:00,activity_view,Sample Account 6,Account 360
rep11@sample.example,S00034,2026-03-08T05:06:00,search,Sample Account 6,Account 360
rep12@sample.example,S00035,2026-06-02T13:00:00,account_view,Sample Account 20,Account 360
rep12@sample.example,S00035,2026-06-02T13:01:00,account_view,Sample Account 20,Account 360
rep12@sample.example,S00035,2026-06-02T13:02:00,metric_view,Sample Account 20,Account 360
rep12@sample.example,S00035,2026-06-02T13:03:00,metric_view,Sample Account 20,Account 360
rep12@sample.example,S00035,2026-06-02T13:04:00,account_view,Sample Account 20,Account 360
rep12@sample.example,S00035,2026-06-02T13:05:00,account_view,Sample Account 20,Account 360
rep01@sample.example,S00036,2026-03-20T19:00:00,search,Sample Account 1,Account 360
rep02@sample.example,S00037,2026-01-15T16:00:00,activity_view,Sample Account 5,Account 360
rep02@sample.example,S00037,2026-01-15T16:01:00,search,Sample Account 5,Account 360
rep02@sample.example,S00037,2026-01-15T16:02:00,account_view,Sample Account 5,Account 360
rep03@sample.example,S00038,2025-10-30T03:00:00,metric_view,Sample Account 9,Account 360
rep03@sample.example,S00038,2025-10-30T03:01:00,opportunity_view,Sample Account 9,Account 360
rep03@sample.example,S00038,2025-10-30T03:02:00,metric_view,Sample Account 9,Account 360
rep03@sample.example,S00038,2025-10-30T03:03:00,activity_view,Sample Account 9,Account 360
rep03@sample.example,S00038,2025-10-30T03:04:00,search,Sample Account 9,Account 360
rep03@sample.example,S00038,2025-10-30T03:05:00,opportunity_view,Sample Account 9,Account 360
rep03@sample.example,S00038,2025-10-30T03:06:00,opportunity_view,Sample Account 9,Account 360
rep03@sample.example,S00038,2025-10-30T03:07:00,search,Sample Account 9,Account 360
rep04@sample.example,S00039,2026-05-24T20:00:00,search,Sample Account 10,Account 360
rep04@sample.example,S00039,2026-05-24T20:01:00,search,Sample Account 10,Account 360
rep04@sample.example,S00039,2026-05-24T20:02:00,search,Sample Account 10,Account 360
rep04@sample.example,S00039,2026-05-24T20:03:00,search,Sample Account 10,Account 360
rep04@sample.example,S00039,2026-05-24T20:04:00,search,Sample Account 10,Account 360
rep05@sample.example,S00040,2025-06-19T22:00:00,search,Sample Account 14,Account 360
rep06@sample.example,S00041,2026-03-01T11:00:00,opportunity_view,Sample Account 18,Account 360
rep06@sample.example,S00041,2026-03-01T11:01:00,activity_view,Sample Account 18,Account 360
rep07@sample.example,S00042,2026-03-10T11:00:00,search,Sample Account 19,Account 360
rep07@sample.example,S00042,2026-03-10T11:01:00,search,Sample Account 19,Account 360
rep07@sample.example,S00042,2026-03-10T11:02:00,search,Sample Account 19,Account 360
rep07@sample.example,S00042,2026-03-10T11:03:00,search,Sample Account 19,Account 360
rep07@sample.example,S00042,2026-03-10T11:04:00,search,Sample Account 19,Account 360
rep07@sample.example,S00042,2026-03-10T11:05:00,search,Sample Account 19,Account 360
rep07@sample.example,S00042,2026-03-10T11:06:00,search,Sample Account 19,Account 360
rep08@sample.example,S00043,2026-01-03T13:00:00,account_view,Sample Account 23,Account 360
rep08@sample.example,S00043,2026-01-03T13:01:00,search,Sample Account 23,Account 360
rep09@sample.example,S00044,2025-08-28T09:00:00,opportunity_view,Sample Account 27,Account 360
rep10@sample.example,S00045,2025-11-03T03:00:00,search,Sample Account 28,Account 360
rep11@sample.example,S00046,2026-01-29T14:00:00,search,Sample Account 21,Account 360
rep11@sample.example,S00046,2026-01-29T14:01:00,account_view,Sample Account 21,Account 360
rep11@sample.example,S00046,2026-01-29T14:02:00,search,Sample Account 21,Account 360
rep11@sample.example,S00046,2026-01-29T14:03:00,search,Sample Account 21,Account 360
rep12@sample.example,S00047,2026-05-29T01:00:00,activity_view,Sample Account 13,Account 360
rep12@sample.example,S00047,2026-05-29T01:01:00,opportunity_view,Sample Account 13,Account 360
rep12@sample.example,S00047,2026-05-29T01:02:00,opportunity_view,Sample Account 13,Account 360
rep12@sample.example,S00047,2026-05-29T01:03:00,opportunity_view,Sample Account 13,Account 360
rep12@sample.example,S00047,2026-05-29T01:04:00,metric_view,Sample Account 13,Account 360
rep12@sample.example,S00047,2026-05-29T01:05:00,search,Sample Account 13,Account 360
rep12@sample.example,S00047,2026-05-29T01:06:00,metric_view,Sample Account 13,Account 360
rep01@sample.example,S00048,2025-10-11T21:00:00,search,Sample Account 1,Account 360
rep01@sample.example,S00048,2025-10-11T21:01:00,search,Sample Account 1,Account 360
rep01@sample.example,S00048,2025-10-11T21:02:00,opportunity_view,Sample Account 1,Account 360
rep01@sample.example,S00048,2025-10-11T21:03:00,search,Sample Account 1,Account 360
rep02@sample.example,S00049,2025-07-31T04:00:00,activity_view,Sample Account 5,Account 360
rep02@sample.example,S00049,2025-07-31T04:01:00,search,Sample Account 5,Account 360
rep02@sample.example,S00049,2025-07-31T04:02:00,opportunity_view,Sample Account 5,Account 360
rep02@sample.example,S00049,2025-07-31T04:03:00,account_view,Sample Account 5,Account 360
rep02@sample.example,S00049,2025-07-31T04:04:00,metric_view,Sample Account 5,Account 360
rep03@sample.example,S00050,2026-02-02T15:00:00,metric_view,Sample Account 9,Account 360
rep03@sample.example,S00050,2026-02-02T15:01:00,opportunity_view,Sample Account 9,Account 360
rep04@sample.example,S00051,2025-07-19T03:00:00,search,Sample Account 10,Account 360
rep04@sample.example,S00051,2025-07-19T03:01:00,activity_view,Sample Account 10,Account 360
rep04@sample.example,S00051,2025-07-19T03:02:00,search,Sample Account 10,Account 360
rep04@sample.example,S00051,2025-07-19T03:03:00,search,Sample Account 10,Account 360
rep04@sample.example,S00051,2025-07-19T03:04:00,search,Sample Account 10,Account 360
rep04@sample.example,S00051,2025-07-19T03:05:00,search,Sample Account 10,Account 360
rep04@sample.example,S00051,2025-07-19T03:06:00,search,Sample Account 10,Account 360
rep04@sample.example,S00051,2025-07-19T03:07:00,search,Sample Account 10,Account 360
rep05@sample.example,S00052,2025-08-05T00:00:00,activity_view,Sample Account 14,Account 360
rep06@sample.example,S00053,2025-07-23T23:00:00,activity_view,Sample Account 18,Account 360
rep06@sample.example,S00053,2025-07-23T23:01:00,metric_view,Sample Account 18,Account 360
rep07@sample.example,S00054,2026-03-21T14:00:00,search,Sample Account 19,Account 360
rep07@sample.example,S00054,2026-03-21T14:01:00,account_view,Sample Account 19,Account 360
rep07@sample.example,S00054,2026-03-21T14:02:00,search,Sample Account 19,Account 360
rep07@sample.example,S00054,2026-03-21T14:03:00,search,Sample Account 19,Account 360
rep08@sample.example,S00055,2026-04-06T21:00:00,search,Sample Account 23,Account 360
rep08@sample.example,S00055,2026-04-06T21:01:00,opportunity_view,Sample Account 23,Account 360
rep08@sample.example,S00055,2026-04-06T21:02:00,search,Sample Account 23,Account 360
rep08@sample.example,S00055,2026-04-06T21:03:00,account_view,Sample Account 23,Account 360
rep08@sample.example,S00055,2026-04-06T21:04:00,account_view,Sample Account 23,Account 360
rep08@sample.example,S00055,2026-04-06T21:05:00,search,Sample Account 23,Account 360
rep09@sample.example,S00056,2026-03-04T03:00:00,metric_view,Sample Account 27,Account 360
rep09@sample.example,S00056,2026-03-04T03:01:00,metric_view,Sample Account 27,Account 360
rep09@sample.example,S00056,2026-03-04T03:02:00,account_view,Sample Account 27,Account 360
rep09@sample.example,S00056,2026-03-04T03:03:00,opportunity_view,Sample Account 27,Account 360
rep10@sample.example,S00057,2026-03-04T21:00:00,search,Sample Account 28,Account 360
rep10@sample.example,S00057,2026-03-04T21:01:00,search,Sample Account 28,Account 360
rep10@sample.example,S00057,2026-03-04T21:02:00,search,Sample Account 28,Account 360
rep11@sample.example,S00058,2025-10-02T22:00:00,opportunity_view,Sample Account 28,Account 360
rep11@sample.example,S00058,2025-10-02T22:01:00,metric_view,Sample Account 28,Account 360
rep11@sample.example,S00058,2025-10-02T22:02:00,account_view,Sample Account 28,Account 360
rep11@sample.example,S00058,2025-10-02T22:03:00,metric_view,Sample Account 28,Account 360
rep11@sample.example,S00058,2025-10-02T22:04:00,search,Sample Account 28,Account 360
rep11@sample.example,S00058,2025-10-02T22:05:00,search,Sample Account 28,Account 360
rep11@sample.example,S00058,2025-10-02T22:06:00,metric_view,Sample Account 28,Account 360
rep12@sample.example,S00059,2026-01-17T14:00:00,opportunity_view,Sample Account 20,Account 360
rep12@sample.example,S00059,2026-01-17T14:01:00,activity_view,Sample Account 20,Account 360
rep12@sample.example,S00059,2026-01-17T14:02:00,activity_view,Sample Account 20,Account 360
rep12@sample.example,S00059,2026-01-17T14:03:00,account_view,Sample Account 20,Account 360
rep01@sample.example,S00060,2026-02-25T21:00:00,search,Sample Account 1,Account 360
rep02@sample.example,S00061,2025-08-13T18:00:00,activity_view,Sample Account 5,Account 360
rep02@sample.example,S00061,2025-08-13T18:01:00,search,Sample Account 5,Account 360
rep02@sample.example,S00061,2025-08-13T18:02:00,search,Sample Account 5,Account 360
rep02@sample.example,S00061,2025-08-13T18:03:00,search,Sample Account 5,Account 360
rep03@sample.example,S00062,2025-06-08T08:00:00,metric_view,Sample Account 9,Account 360
rep03@sample.example,S00062,2025-06-08T08:01:00,search,Sample Account 9,Account 360
rep04@sample.example,S00063,2026-06-04T23:00:00,search,Sample Account 10,Account 360
rep04@sample.example,S00063,2026-06-04T23:01:00,search,Sample Account 10,Account 360
rep04@sample.example,S00063,2026-06-04T23:02:00,search,Sample Account 10,Account 360
rep04@sample.example,S00063,2026-06-04T23:03:00,search,Sample Account 10,Account 360
rep04@sample.example,S00063,2026-06-04T23:04:00,search,Sample Account 10,Account 360
rep04@sample.example,S00063,2026-06-04T23:05:00,account_view,Sample Account 10,Account 360
rep04@sample.example,S00063,2026-06-04T23:06:00,search,Sample Account 10,Account 360
rep05@sample.example,S00064,2025-09-18T04:00:00,opportunity_view,Sample Account 14,Account 360
rep05@sample.example,S00064,2025-09-18T04:01:00,search,Sample Account 14,Account 360
rep05@sample.example,S00064,2025-09-18T04:02:00,search,Sample Account 14,Account 360
rep05@sample.example,S00064,2025-09-18T04:03:00,search,Sample Account 14,Account 360
rep05@sample.example,S00064,2025-09-18T04:04:00,activity_view,Sample Account 14,Account 360
rep05@sample.example,S00064,2025-09-18T04:05:00,activity_view,Sample Account 14,Account 360
rep05@sample.example,S00064,2025-09-18T04:06:00,search,Sample Account 14,Account 360
rep06@sample.example,S00065,2026-02-05T13:00:00,metric_view,Sample Account 18,Account 360
rep06@sample.example,S00065,2026-02-05T13:01:00,metric_view,Sample Account 18,Account 360
rep06@sample.example,S00065,2026-02-05T13:02:00,metric_view,Sample Account 18,Account 360
rep06@sample.example,S00065,2026-02-05T13:03:00,opportunity_view,Sample Account 18,Account 360
rep06@sample.example,S00065,2026-02-05T13:04:00,opportunity_view,Sample Account 18,Account 360
rep07@sample.example,S00066,2026-03-07T01:00:00,metric_view,Sample Account 19,Account 360
rep07@sample.example,S00066,2026-03-07T01:01:00,search,Sample Account 19,Account 360
rep07@sample.example,S00066,2026-03-07T01:02:00,metric_view,Sample Account 19,Account 360
rep07@sample.example,S00066,2026-03-07T01:03:00,opportunity_view,Sample Account 19,Account 360
rep07@sample.example,S00066,2026-03-07T01:04:00,search,Sample Account 19,Account 360
rep07@sample.example,S00066,2026-03-07T01:05:00,search,Sample Account 19,Account 360
rep07@sample.example,S00066,2026-03-07T01:06:00,search,Sample Account 19,Account 360
rep08@sample.example,S00067,2025-11-14T08:00:00,search,Sample Account 23,Account 360
rep09@sample.example,S00068,2026-04-16T17:00:00,search,Sample Account 27,Account 360
rep09@sample.example,S00068,2026-04-16T17:01:00,account_view,Sample Account 27,Account 360
rep09@sample.example,S00068,2026-04-16T17:02:00,activity_view,Sample Account 27,Account 360
rep10@sample.example,S00069,2026-04-08T02:00:00,search,Sample Account 28,Account 360
rep10@sample.example,S00069,2026-04-08T02:01:00,opportunity_view,Sample Account 28,Account 360
rep11@sample.example,S00070,2026-02-04T00:00:00,activity_view,Sample Account 8,Account 360
rep11@sample.example,S00070,2026-02-04T00:01:00,metric_view,Sample Account 8,Account 360
rep11@sample.example,S00070,2026-02-04T00:02:00,search,Sample Account 8,Account 360
rep11@sample.example,S00070,2026-02-04T00:03:00,search,Sample Account 8,Account 360
rep11@sample.example,S00070,2026-02-04T00:04:00,opportunity_view,Sample Account 8,Account 360
rep11@sample.example,S00070,2026-02-04T00:05:00,search,Sample Account 8,Account 360
rep11@sample.example,S00070,2026-02-04T00:06:00,search,Sample Account 8,Account 360
rep11@sample.example,S00070,2026-02-04T00:07:00,account_view,Sample Account 8,Account 360
rep12@sample.example,S00071,2025-12-28T16:00:00,opportunity_view,Sample Account 33,Account 360
rep12@sample.example,S00071,2025-12-28T16:01:00,opportunity_view,Sample Account 33,Account 360
rep12@sample.example,S00071,2025-12-28T16:02:00,opportunity_view,Sample Account 33,Account 360
rep12@sample.example,S00071,2025-12-28T16:03:00,opportunity_view,Sample Account 33,Account 360
rep12@sample.example,S00071,2025-12-28T16:04:00,account_view,Sample Account 33,Account 360
rep12@sample.example,S00071,2025-12-28T16:05:00,account_view,Sample Account 33,Account 360
rep01@sample.example,S00072,2025-12-02T23:00:00,search,Sample Account 1,Account 360
rep01@sample.example,S00072,2025-12-02T23:01:00,search,Sample Account 1,Account 360
rep01@sample.example,S00072,2025-12-02T23:02:00,search,Sample Account 1,Account 360
rep01@sample.example,S00072,2025-12-02T23:03:00,search,Sample Account 1,Account 360
rep01@sample.example,S00072,2025-12-02T23:04:00,account_view,Sample Account 1,Account 360
rep02@sample.example,S00073,2025-09-18T19:00:00,search,Sample Account 5,Account 360
rep02@sample.example,S00073,2025-09-18T19:01:00,activity_view,Sample Account 5,Account 360
rep02@sample.example,S00073,2025-09-18T19:02:00,metric_view,Sample Account 5,Account 360
rep02@sample.example,S00073,2025-09-18T19:03:00,opportunity_view,Sample Account 5,Account 360
rep03@sample.example,S00074,2025-07-21T18:00:00,opportunity_view,Sample Account 9,Account 360
rep03@sample.example,S00074,2025-07-21T18:01:00,metric_view,Sample Account 9,Account 360
rep04@sample.example,S00075,2026-02-22T07:00:00,search,Sample Account 10,Account 360
rep04@sample.example,S00075,2026-02-22T07:01:00,search,Sample Account 10,Account 360
rep04@sample.example,S00075,2026-02-22T07:02:00,search,Sample Account 10,Account 360
rep05@sample.example,S00076,2026-01-09T03:00:00,search,Sample Account 14,Account 360
rep05@sample.example,S00076,2026-01-09T03:01:00,search,Sample Account 14,Account 360
rep05@sample.example,S00076,2026-01-09T03:02:00,search,Sample Account 14,Account 360
rep05@sample.example,S00076,2026-01-09T03:03:00,metric_view,Sample Account 14,Account 360
rep05@sample.example,S00076,2026-01-09T03:04:00,search,Sample Account 14,Account 360
rep06@sample.example,S00077,2026-04-12T09:00:00,account_view,Sample Account 18,Account 360
rep06@sample.example,S00077,2026-04-12T09:01:00,activity_view,Sample Account 18,Account 360
rep06@sample.example,S00077,2026-04-12T09:02:00,activity_view,Sample Account 18,Account 360
rep06@sample.example,S00077,2026-04-12T09:03:00,account_view,Sample Account 18,Account 360
rep06@sample.example,S00077,2026-04-12T09:04:00,opportunity_view,Sample Account 18,Account 360
rep06@sample.example,S00077,2026-04-12T09:05:00,search,Sample Account 18,Account 360
rep07@sample.example,S00078,2025-07-26T18:00:00,search,Sample Account 19,Account 360
rep07@sample.example,S00078,2025-07-26T18:01:00,search,Sample Account 19,Account 360
rep07@sample.example,S00078,2025-07-26T18:02:00,search,Sample Account 19,Account 360
rep07@sample.example,S00078,2025-07-26T18:03:00,search,Sample Account 19,Account 360
rep07@sample.example,S00078,2025-07-26T18:04:00,search,Sample Account 19,Account 360
rep08@sample.example,S00079,2026-01-10T06:00:00,search,Sample Account 23,Account 360
rep08@sample.example,S00079,2026-01-10T06:01:00,activity_view,Sample Account 23,Account 360
rep08@sample.example,S00079,2026-01-10T06:02:00,search,Sample Account 23,Account 360
rep08@sample.example,S00079,2026-01-10T06:03:00,search,Sample Account 23,Account 360
rep08@sample.example,S00079,2026-01-10T06:04:00,search,Sample Account 23,Account 360
rep08@sample.example,S00079,2026-01-10T06:05:00,search,Sample Account 23,Account 360
rep09@sample.example,S00080,2026-03-27T00:00:00,opportunity_view,Sample Account 27,Account 360
rep09@sample.example,S00080,2026-03-27T00:01:00,opportunity_view,Sample Account 27,Account 360
rep09@sample.example,S00080,2026-03-27T00:02:00,metric_view,Sample Account 27,Account 360
rep09@sample.example,S00080,2026-03-27T00:03:00,activity_view,Sample Account 27,Account 360
rep09@sample.example,S00080,2026-03-27T00:04:00,opportunity_view,Sample Account 27,Account 360
rep10@sample.example,S00081,2026-02-07T09:00:00,search,Sample Account 28,Account 360
rep10@sample.example,S00081,2026-02-07T09:01:00,search,Sample Account 28,Account 360
rep10@sample.example,S00081,2026-02-07T09:02:00,search,Sample Account 28,Account 360
rep10@sample.example,S00081,2026-02-07T09:03:00,search,Sample Account 28,Account 360
rep10@sample.example,S00081,2026-02-07T09:04:00,search,Sample Account 28,Account 360
rep10@sample.example,S00081,2026-02-07T09:05:00,search,Sample Account 28,Account 360
rep10@sample.example,S00081,2026-02-07T09:06:00,search,Sample Account 28,Account 360
rep11@sample.example,S00082,2025-10-30T00:00:00,search,Sample Account 2,Account 360
rep12@sample.example,S00083,2025-12-19T23:00:00,activity_view,Sample Account 37,Account 360
rep01@sample.example,S00084,2025-07-14T17:00:00,search,Sample Account 1,Account 360
rep01@sample.example,S00084,2025-07-14T17:01:00,account_view,Sample Account 1,Account 360
rep01@sample.example,S00084,2025-07-14T17:02:00,search,Sample Account 1,Account 360
rep01@sample.example,S00084,2025-07-14T17:03:00,search,Sample Account 1,Account 360
rep01@sample.example,S00084,2025-07-14T17:04:00,search,Sample Account 1,Account 360
rep02@sample.example,S00085,2025-06-18T17:00:00,activity_view,Sample Account 5,Account 360
rep02@sample.example,S00085,2025-06-18T17:01:00,opportunity_view,Sample Account 5,Account 360
rep02@sample.example,S00085,2025-06-18T17:02:00,metric_view,Sample Account 5,Account 360
rep03@sample.example,S00086,2026-04-10T09:00:00,metric_view,Sample Account 9,Account 360
rep03@sample.example,S00086,2026-04-10T09:01:00,activity_view,Sample Account 9,Account 360
rep03@sample.example,S00086,2026-04-10T09:02:00,account_view,Sample Account 9,Account 360
rep03@sample.example,S00086,2026-04-10T09:03:00,account_view,Sample Account 9,Account 360
rep03@sample.example,S00086,2026-04-10T09:04:00,metric_view,Sample Account 9,Account 360
rep03@sample.example,S00086,2026-04-10T09:05:00,activity_view,Sample Account 9,Account 360
rep03@sample.example,S00086,2026-04-10T09:06:00,activity_view,Sample Account 9,Account 360
rep04@sample.example,S00087,2026-06-05T13:00:00,search,Sample Account 10,Account 360
rep05@sample.example,S00088,2025-06-07T22:00:00,activity_view,Sample Account 14,Account 360
rep05@sample.example,S00088,2025-06-07T22:01:00,search,Sample Account 14,Account 360
rep06@sample.example,S00089,2025-11-15T17:00:00,search,Sample Account 18,Account 360
rep06@sample.example,S00089,2025-11-15T17:01:00,opportunity_view,Sample Account 18,Account 360
rep06@sample.example,S00089,2025-11-15T17:02:00,activity_view,Sample Account 18,Account 360
rep07@sample.example,S00090,2026-03-18T02:00:00,search,Sample Account 19,Account 360
rep07@sample.example,S00090,2026-03-18T02:01:00,search,Sample Account 19,Account 360
rep07@sample.example,S00090,2026-03-18T02:02:00,search,Sample Account 19,Account 360
rep07@sample.example,S00090,2026-03-18T02:03:00,search,Sample Account 19,Account 360
rep07@sample.example,S00090,2026-03-18T02:04:00,search,Sample Account 19,Account 360
rep08@sample.example,S00091,2025-09-15T03:00:00,search,Sample Account 23,Account 360
rep08@sample.example,S00091,2025-09-15T03:01:00,search,Sample Account 23,Account 360
rep08@sample.example,S00091,2025-09-15T03:02:00,activity_view,Sample Account 23,Account 360
rep09@sample.example,S00092,2025-06-25T19:00:00,opportunity_view,Sample Account 27,Account 360
rep09@sample.example,S00092,2025-06-25T19:01:00,opportunity_view,Sample Account 27,Account 360
rep09@sample.example,S00092,2025-06-25T19:02:00,activity_view,Sample Account 27,Account 360
rep09@sample.example,S00092,2025-06-25T19:03:00,opportunity_view,Sample Account 27,Account 360
rep09@sample.example,S00092,2025-06-25T19:04:00,metric_view,Sample Account 27,Account 360
rep09@sample.example,S00092,2025-06-25T19:05:00,metric_view,Sample Account 27,Account 360
rep10@sample.example,S00093,2026-06-10T06:00:00,search,Sample Account 28,Account 360
rep10@sample.example,S00093,2026-06-10T06:01:00,search,Sample Account 28,Account 360
rep10@sample.example,S00093,2026-06-10T06:02:00,search,Sample Account 28,Account 360
rep10@sample.example,S00093,2026-06-10T06:03:00,search,Sample Account 28,Account 360
rep10@sample.example,S00093,2026-06-10T06:04:00,search,Sample Account 28,Account 360
rep10@sample.example,S00093,2026-06-10T06:05:00,search,Sample Account 28,Account 360
rep10@sample.example,S00093,2026-06-10T06:06:00,opportunity_view,Sample Account 28,Account 360
rep10@sample.example,S00093,2026-06-10T06:07:00,search,Sample Account 28,Account 360
rep11@sample.example,S00094,2025-08-31T16:00:00,search,Sample Account 14,Account 360
rep11@sample.example,S00094,2025-08-31T16:01:00,search,Sample Account 14,Account 360
rep11@sample.example,S00094,2025-08-31T16:02:00,search,Sample Account 14,Account 360
rep11@sample.example,S00094,2025-08-31T16:03:00,search,Sample Account 14,Account 360
rep11@sample.example,S00094,2025-08-31T16:04:00,opportunity_view,Sample Account 14,Account 360
rep11@sample.example,S00094,2025-08-31T16:05:00,search,Sample Account 14,Account 360
rep11@sample.example,S00094,2025-08-31T16:06:00,search,Sample Account 14,Account 360
rep12@sample.example,S00095,2026-04-04T05:00:00,opportunity_view,Sample Account 24,Account 360
rep12@sample.example,S00095,2026-04-04T05:01:00,metric_view,Sample Account 24,Account 360
rep12@sample.example,S00095,2026-04-04T05:02:00,opportunity_view,Sample Account 24,Account 360
rep12@sample.example,S00095,2026-04-04T05:03:00,metric_view,Sample Account 24,Account 360
rep01@sample.example,S00096,2026-05-19T05:00:00,search,Sample Account 1,Account 360
rep02@sample.example,S00097,2025-09-30T17:00:00,opportunity_view,Sample Account 5,Account 360
rep03@sample.example,S00098,2025-08-27T15:00:00,account_view,Sample Account 9,Account 360
rep03@sample.example,S00098,2025-08-27T15:01:00,activity_view,Sample Account 9,Account 360
rep04@sample.example,S00099,2025-07-27T13:00:00,opportunity_view,Sample Account 10,Account 360
rep04@sample.example,S00099,2025-07-27T13:01:00,search,Sample Account 10,Account 360
rep04@sample.example,S00099,2025-07-27T13:02:00,search,Sample Account 10,Account 360
rep04@sample.example,S00099,2025-07-27T13:03:00,activity_view,Sample Account 10,Account 360
rep04@sample.example,S00099,2025-07-27T13:04:00,search,Sample Account 10,Account 360
rep05@sample.example,S00100,2026-06-06T22:00:00,search,Sample Account 14,Account 360
rep05@sample.example,S00100,2026-06-06T22:01:00,metric_view,Sample Account 14,Account 360
rep05@sample.example,S00100,2026-06-06T22:02:00,activity_view,Sample Account 14,Account 360
rep05@sample.example,S00100,2026-06-06T22:03:00,metric_view,Sample Account 14,Account 360
rep05@sample.example,S00100,2026-06-06T22:04:00,search,Sample Account 14,Account 360
rep05@sample.example,S00100,2026-06-06T22:05:00,search,Sample Account 14,Account 360
rep05@sample.example,S00100,2026-06-06T22:06:00,account_view,Sample Account 14,Account 360
rep06@sample.example,S00101,2025-09-04T22:00:00,activity_view,Sample Account 18,Account 360
rep06@sample.example,S00101,2025-09-04T22:01:00,account_view,Sample Account 18,Account 360
rep07@sample.example,S00102,2026-03-31T23:00:00,search,Sample Account 19,Account 360
rep08@sample.example,S00103,2026-04-21T10:00:00,account_view,Sample Account 23,Account 360
rep08@sample.example,S00103,2026-04-21T10:01:00,account_view,Sample Account 23,Account 360
rep08@sample.example,S00103,2026-04-21T10:02:00,search,Sample Account 23,Account 360
rep08@sample.example,S00103,2026-04-21T10:03:00,search,Sample Account 23,Account 360
rep09@sample.example,S00104,2025-10-20T03:00:00,activity_view,Sample Account 27,Account 360
rep09@sample.example,S00104,2025-10-20T03:01:00,search,Sample Account 27,Account 360
rep09@sample.example,S00104,2025-10-20T03:02:00,metric_view,Sample Account 27,Account 360
rep10@sample.example,S00105,2026-02-23T17:00:00,search,Sample Account 28,Account 360
rep10@sample.example,S00105,2026-02-23T17:01:00,search,Sample Account 28,Account 360
rep11@sample.example,S00106,2026-01-11T20:00:00,search,Sample Account 8,Account 360
rep11@sample.example,S00106,2026-01-11T20:01:00,search,Sample Account 8,Account 360
rep11@sample.example,S00106,2026-01-11T20:02:00,search,Sample Account 8,Account 360
rep11@sample.example,S00106,2026-01-11T20:03:00,activity_view,Sample Account 8,Account 360
rep11@sample.example,S00106,2026-01-11T20:04:00,opportunity_view,Sample Account 8,Account 360
rep12@sample.example,S00107,2025-08-04T10:00:00,opportunity_view,Sample Account 40,Account 360
rep12@sample.example,S00107,2025-08-04T10:01:00,activity_view,Sample Account 40,Account 360
rep12@sample.example,S00107,2025-08-04T10:02:00,activity_view,Sample Account 40,Account 360
rep01@sample.example,S00108,2025-08-01T12:00:00,search,Sample Account 1,Account 360
rep01@sample.example,S00108,2025-08-01T12:01:00,search,Sample Account 1,Account 360
rep02@sample.example,S00109,2025-08-24T17:00:00,account_view,Sample Account 5,Account 360
rep02@sample.example,S00109,2025-08-24T17:01:00,activity_view,Sample Account 5,Account 360
rep02@sample.example,S00109,2025-08-24T17:02:00,search,Sample Account 5,Account 360
rep02@sample.example,S00109,2025-08-24T17:03:00,opportunity_view,Sample Account 5,Account 360
rep02@sample.example,S00109,2025-08-24T17:04:00,search,Sample Account 5,Account 360
rep02@sample.example,S00109,2025-08-24T17:05:00,search,Sample Account 5,Account 360
rep02@sample.example,S00109,2025-08-24T17:06:00,metric_view,Sample Account 5,Account 360
rep03@sample.example,S00110,2026-03-09T08:00:00,metric_view,Sample Account 9,Account 360
rep04@sample.example,S00111,2025-11-15T06:00:00,search,Sample Account 10,Account 360
rep05@sample.example,S00112,2025-10-07T20:00:00,activity_view,Sample Account 14,Account 360
rep05@sample.example,S00112,2025-10-07T20:01:00,activity_view,Sample Account 14,Account 360
rep05@sample.example,S00112,2025-10-07T20:02:00,metric_view,Sample Account 14,Account 360
rep05@sample.example,S00112,2025-10-07T20:03:00,search,Sample Account 14,Account 360
rep05@sample.example,S00112,2025-10-07T20:04:00,search,Sample Account 14,Account 360
rep05@sample.example,S00112,2025-10-07T20:05:00,search,Sample Account 14,Account 360
rep06@sample.example,S00113,2025-09-17T02:00:00,metric_view,Sample Account 18,Account 360
rep06@sample.example,S00113,2025-09-17T02:01:00,metric_view,Sample Account 18,Account 360
rep06@sample.example,S00113,2025-09-17T02:02:00,opportunity_view,Sample Account 18,Account 360
rep06@sample.example,S00113,2025-09-17T02:03:00,opportunity_view,Sample Account 18,Account 360
rep06@sample.example,S00113,2025-09-17T02:04:00,search,Sample Account 18,Account 360
rep07@sample.example,S00114,2026-05-19T06:00:00,search,Sample Account 19,Account 360
rep07@sample.example,S00114,2026-05-19T06:01:00,opportunity_view,Sample Account 19,Account 360
rep07@sample.example,S00114,2026-05-19T06:02:00,search,Sample Account 19,Account 360
rep07@sample.example,S00114,2026-05-19T06:03:00,search,Sample Account 19,Account 360
rep08@sample.example,S00115,2026-04-23T05:00:00,search,Sample Account 23,Account 360
rep08@sample.example,S00115,2026-04-23T05:01:00,metric_view,Sample Account 23,Account 360
rep08@sample.example,S00115,2026-04-23T05:02:00,account_view,Sample Account 23,Account 360
rep08@sample.example,S00115,2026-04-23T05:03:00,opportunity_view,Sample Account 23,Account 360
rep08@sample.example,S00115,2026-04-23T05:04:00,account_view,Sample Account 23,Account 360
rep08@sample.example,S00115,2026-04-23T05:05:00,search,Sample Account 23,Account 360
rep08@sample.example,S00115,2026-04-23T05:06:00,metric_view,Sample Account 23,Account 360
rep09@sample.example,S00116,2025-09-08T10:00:00,search,Sample Account 27,Account 360
rep09@sample.example,S00116,2025-09-08T10:01:00,metric_view,Sample Account 27,Account 360
rep10@sample.example,S00117,2025-11-12T10:00:00,search,Sample Account 28,Account 360
rep10@sample.example,S00117,2025-11-12T10:01:00,search,Sample Account 28,Account 360
rep10@sample.example,S00117,2025-11-12T10:02:00,search,Sample Account 28,Account 360
rep10@sample.example,S00117,2025-11-12T10:03:00,account_view,Sample Account 28,Account 360
rep10@sample.example,S00117,2025-11-12T10:04:00,search,Sample Account 28,Account 360
rep10@sample.example,S00117,2025-11-12T10:05:00,search,Sample Account 28,Account 360
rep11@sample.example,S00118,2025-12-28T00:00:00,search,Sample Account 9,Account 360
rep11@sample.example,S00118,2025-12-28T00:01:00,search,Sample Account 9,Account 360
rep11@sample.example,S00118,2025-12-28T00:02:00,search,Sample Account 9,Account 360
rep11@sample.example,S00118,2025-12-28T00:03:00,activity_view,Sample Account 9,Account 360
rep11@sample.example,S00118,2025-12-28T00:04:00,opportunity_view,Sample Account 9,Account 360
rep11@sample.example,S00118,2025-12-28T00:05:00,search,Sample Account 9,Account 360
rep11@sample.example,S00118,2025-12-28T00:06:00,activity_view,Sample Account 9,Account 360
rep12@sample.example,S00119,2026-01-16T12:00:00,metric_view,Sample Account 12,Account 360
rep12@sample.example,S00119,2026-01-16T12:01:00,account_view,Sample Account 12,Account 360
rep12@sample.example,S00119,2026-01-16T12:02:00,opportunity_view,Sample Account 12,Account 360
rep01@sample.example,S00120,2026-03-03T05:00:00,search,Sample Account 1,Account 360
rep01@sample.example,S00120,2026-03-03T05:01:00,search,Sample Account 1,Account 360
rep01@sample.example,S00120,2026-03-03T05:02:00,search,Sample Account 1,Account 360
rep01@sample.example,S00120,2026-03-03T05:03:00,search,Sample Account 1,Account 360
rep01@sample.example,S00120,2026-03-03T05:04:00,search,Sample Account 1,Account 360
rep01@sample.example,S00120,2026-03-03T05:05:00,search,Sample Account 1,Account 360
rep01@sample.example,S00120,2026-03-03T05:06:00,search,Sample Account 1,Account 360
rep01@sample.example,S00120,2026-03-03T05:07:00,search,Sample Account 1,Account 360
rep02@sample.example,S00121,2026-04-13T10:00:00,search,Sample Account 5,Account 360
rep02@sample.example,S00121,2026-04-13T10:01:00,account_view,Sample Account 5,Account 360
rep02@sample.example,S00121,2026-04-13T10:02:00,search,Sample Account 5,Account 360
rep02@sample.example,S00121,2026-04-13T10:03:00,search,Sample Account 5,Account 360
rep02@sample.example,S00121,2026-04-13T10:04:00,search,Sample Account 5,Account 360
rep02@sample.example,S00121,2026-04-13T10:05:00,account_view,Sample Account 5,Account 360
rep02@sample.example,S00121,2026-04-13T10:06:00,account_view,Sample Account 5,Account 360
rep03@sample.example,S00122,2025-12-20T02:00:00,metric_view,Sample Account 9,Account 360
rep03@sample.example,S00122,2025-12-20T02:01:00,metric_view,Sample Account 9,Account 360
rep03@sample.example,S00122,2025-12-20T02:02:00,account_view,Sample Account 9,Account 360
rep03@sample.example,S00122,2025-12-20T02:03:00,activity_view,Sample Account 9,Account 360
rep03@sample.example,S00122,2025-12-20T02:04:00,activity_view,Sample Account 9,Account 360
rep03@sample.example,S00122,2025-12-20T02:05:00,search,Sample Account 9,Account 360
rep03@sample.example,S00122,2025-12-20T02:06:00,account_view,Sample Account 9,Account 360
rep04@sample.example,S00123,2026-05-26T05:00:00,search,Sample Account 10,Account 360
rep04@sample.example,S00123,2026-05-26T05:01:00,search,Sample Account 10,Account 360
rep04@sample.example,S00123,2026-05-26T05:02:00,search,Sample Account 10,Account 360
rep04@sample.example,S00123,2026-05-26T05:03:00,search,Sample Account 10,Account 360
rep05@sample.example,S00124,2026-02-07T17:00:00,search,Sample Account 14,Account 360
rep05@sample.example,S00124,2026-02-07T17:01:00,activity_view,Sample Account 14,Account 360
rep05@sample.example,S00124,2026-02-07T17:02:00,search,Sample Account 14,Account 360
rep05@sample.example,S00124,2026-02-07T17:03:00,search,Sample Account 14,Account 360
rep05@sample.example,S00124,2026-02-07T17:04:00,opportunity_view,Sample Account 14,Account 360
rep05@sample.example,S00124,2026-02-07T17:05:00,activity_view,Sample Account 14,Account 360
rep05@sample.example,S00124,2026-02-07T17:06:00,opportunity_view,Sample Account 14,Account 360
rep06@sample.example,S00125,2025-12-22T07:00:00,account_view,Sample Account 18,Account 360
rep07@sample.example,S00126,2026-03-28T21:00:00,search,Sample Account 19,Account 360
rep07@sample.example,S00126,2026-03-28T21:01:00,search,Sample Account 19,Account 360
rep07@sample.example,S00126,2026-03-28T21:02:00,search,Sample Account 19,Account 360
rep07@sample.example,S00126,2026-03-28T21:03:00,search,Sample Account 19,Account 360
rep07@sample.example,S00126,2026-03-28T21:04:00,account_view,Sample Account 19,Account 360
rep07@sample.example,S00126,2026-03-28T21:05:00,search,Sample Account 19,Account 360
rep07@sample.example,S00126,2026-03-28T21:06:00,search,Sample Account 19,Account 360
rep07@sample.example,S00126,2026-03-28T21:07:00,search,Sample Account 19,Account 360
rep08@sample.example,S00127,2025-09-06T18:00:00,search,Sample Account 23,Account 360
rep08@sample.example,S00127,2025-09-06T18:01:00,account_view,Sample Account 23,Account 360
rep08@sample.example,S00127,2025-09-06T18:02:00,metric_view,Sample Account 23,Account 360
rep08@sample.example,S00127,2025-09-06T18:03:00,search,Sample Account 23,Account 360
rep08@sample.example,S00127,2025-09-06T18:04:00,opportunity_view,Sample Account 23,Account 360
rep08@sample.example,S00127,2025-09-06T18:05:00,search,Sample Account 23,Account 360
rep08@sample.example,S00127,2025-09-06T18:06:00,account_view,Sample Account 23,Account 360
rep08@sample.example,S00127,2025-09-06T18:07:00,search,Sample Account 23,Account 360
rep09@sample.example,S00128,2025-12-26T22:00:00,search,Sample Account 27,Account 360
rep09@sample.example,S00128,2025-12-26T22:01:00,activity_view,Sample Account 27,Account 360
rep09@sample.example,S00128,2025-12-26T22:02:00,opportunity_view,Sample Account 27,Account 360
rep09@sample.example,S00128,2025-12-26T22:03:00,activity_view,Sample Account 27,Account 360
rep09@sample.example,S00128,2025-12-26T22:04:00,opportunity_view,Sample Account 27,Account 360
rep09@sample.example,S00128,2025-12-26T22:05:00,metric_view,Sample Account 27,Account 360
rep10@sample.example,S00129,2025-08-22T08:00:00,search,Sample Account 28,Account 360
rep10@sample.example,S00129,2025-08-22T08:01:00,search,Sample Account 28,Account 360
rep10@sample.example,S00129,2025-08-22T08:02:00,search,Sample Account 28,Account 360
rep10@sample.example,S00129,2025-08-22T08:03:00,search,Sample Account 28,Account 360
rep11@sample.example,S00130,2026-02-10T07:00:00,search,Sample Account 18,Account 360
rep11@sample.example,S00130,2026-02-10T07:01:00,metric_view,Sample Account 18,Account 360
rep12@sample.example,S00131,2025-11-02T05:00:00,account_view,Sample Account 12,Account 360
rep12@sample.example,S00131,2025-11-02T05:01:00,account_view,Sample Account 12,Account 360
rep12@sample.example,S00131,2025-11-02T05:02:00,account_view,Sample Account 12,Account 360
rep12@sample.example,S00131,2025-11-02T05:03:00,account_view,Sample Account 12,Account 360
rep12@sample.example,S00131,2025-11-02T05:04:00,metric_view,Sample Account 12,Account 360
rep01@sample.example,S00132,2026-06-02T18:00:00,search,Sample Account 1,Account 360
rep01@sample.example,S00132,2026-06-02T18:01:00,search,Sample Account 1,Account 360
rep01@sample.example,S00132,2026-06-02T18:02:00,search,Sample Account 1,Account 360
rep01@sample.example,S00132,2026-06-02T18:03:00,search,Sample Account 1,Account 360
rep01@sample.example,S00132,2026-06-02T18:04:00,search,Sample Account 1,Account 360
rep02@sample.example,S00133,2025-10-01T10:00:00,search,Sample Account 5,Account 360
rep02@sample.example,S00133,2025-10-01T10:01:00,opportunity_view,Sample Account 5,Account 360
rep02@sample.example,S00133,2025-10-01T10:02:00,search,Sample Account 5,Account 360
rep02@sample.example,S00133,2025-10-01T10:03:00,activity_view,Sample Account 5,Account 360
rep02@sample.example,S00133,2025-10-01T10:04:00,search,Sample Account 5,Account 360
rep03@sample.example,S00134,2026-02-18T15:00:00,search,Sample Account 9,Account 360
rep04@sample.example,S00135,2026-05-08T06:00:00,search,Sample Account 10,Account 360
rep05@sample.example,S00136,2026-02-01T12:00:00,search,Sample Account 14,Account 360
rep05@sample.example,S00136,2026-02-01T12:01:00,search,Sample Account 14,Account 360
rep05@sample.example,S00136,2026-02-01T12:02:00,search,Sample Account 14,Account 360
rep05@sample.example,S00136,2026-02-01T12:03:00,search,Sample Account 14,Account 360
rep05@sample.example,S00136,2026-02-01T12:04:00,search,Sample Account 14,Account 360
rep05@sample.example,S00136,2026-02-01T12:05:00,search,Sample Account 14,Account 360
rep06@sample.example,S00137,2026-05-22T08:00:00,opportunity_view,Sample Account 18,Account 360
rep06@sample.example,S00137,2026-05-22T08:01:00,activity_view,Sample Account 18,Account 360
rep06@sample.example,S00137,2026-05-22T08:02:00,activity_view,Sample Account 18,Account 360
rep07@sample.example,S00138,2026-06-09T23:00:00,search,Sample Account 19,Account 360
rep07@sample.example,S00138,2026-06-09T23:01:00,search,Sample Account 19,Account 360
rep07@sample.example,S00138,2026-06-09T23:02:00,search,Sample Account 19,Account 360
rep07@sample.example,S00138,2026-06-09T23:03:00,search,Sample Account 19,Account 360
rep07@sample.example,S00138,2026-06-09T23:04:00,search,Sample Account 19,Account 360
rep08@sample.example,S00139,2026-05-07T14:00:00,account_view,Sample Account 23,Account 360
rep08@sample.example,S00139,2026-05-07T14:01:00,search,Sample Account 23,Account 360
rep08@sample.example,S00139,2026-05-07T14:02:00,search,Sample Account 23,Account 360
rep08@sample.example,S00139,2026-05-07T14:03:00,opportunity_view,Sample Account 23,Account 360
rep08@sample.example,S00139,2026-05-07T14:04:00,search,Sample Account 23,Account 360
rep09@sample.example,S00140,2026-05-05T16:00:00,metric_view,Sample Account 27,Account 360
rep09@sample.example,S00140,2026-05-05T16:01:00,account_view,Sample Account 27,Account 360
rep09@sample.example,S00140,2026-05-05T16:02:00,opportunity_view,Sample Account 27,Account 360
rep09@sample.example,S00140,2026-05-05T16:03:00,opportunity_view,Sample Account 27,Account 360
rep09@sample.example,S00140,2026-05-05T16:04:00,account_view,Sample Account 27,Account 360
rep09@sample.example,S00140,2026-05-05T16:05:00,account_view,Sample Account 27,Account 360
rep09@sample.example,S00140,2026-05-05T16:06:00,metric_view,Sample Account 27,Account 360
rep10@sample.example,S00141,2026-05-07T04:00:00,search,Sample Account 28,Account 360
rep10@sample.example,S00141,2026-05-07T04:01:00,search,Sample Account 28,Account 360
rep11@sample.example,S00142,2025-11-21T23:00:00,activity_view,Sample Account 25,Account 360
rep11@sample.example,S00142,2025-11-21T23:01:00,activity_view,Sample Account 25,Account 360
rep11@sample.example,S00142,2025-11-21T23:02:00,opportunity_view,Sample Account 25,Account 360
rep11@sample.example,S00142,2025-11-21T23:03:00,search,Sample Account 25,Account 360
rep12@sample.example,S00143,2025-08-27T15:00:00,opportunity_view,Sample Account 3,Account 360
rep12@sample.example,S00143,2025-08-27T15:01:00,activity_view,Sample Account 3,Account 360
rep12@sample.example,S00143,2025-08-27T15:02:00,account_view,Sample Account 3,Account 360
rep12@sample.example,S00143,2025-08-27T15:03:00,activity_view,Sample Account 3,Account 360
rep12@sample.example,S00143,2025-08-27T15:04:00,opportunity_view,Sample Account 3,Account 360
rep12@sample.example,S00143,2025-08-27T15:05:00,metric_view,Sample Account 3,Account 360
rep12@sample.example,S00143,2025-08-27T15:06:00,account_view,Sample Account 3,Account 360
rep12@sample.example,S00143,2025-08-27T15:07:00,search,Sample Account 3,Account 360
rep01@sample.example,S00144,2025-11-04T22:00:00,search,Sample Account 1,Account 360
rep01@sample.example,S00144,2025-11-04T22:01:00,search,Sample Account 1,Account 360
rep01@sample.example,S00144,2025-11-04T22:02:00,search,Sample Account 1,Account 360
rep01@sample.example,S00144,2025-11-04T22:03:00,search,Sample Account 1,Account 360
rep01@sample.example,S00144,2025-11-04T22:04:00,search,Sample Account 1,Account 360
rep02@sample.example,S00145,2026-02-04T11:00:00,opportunity_view,Sample Account 5,Account 360
rep02@sample.example,S00145,2026-02-04T11:01:00,activity_view,Sample Account 5,Account 360
rep02@sample.example,S00145,2026-02-04T11:02:00,search,Sample Account 5,Account 360
rep02@sample.example,S00145,2026-02-04T11:03:00,search,Sample Account 5,Account 360
rep02@sample.example,S00145,2026-02-04T11:04:00,search,Sample Account 5,Account 360
rep03@sample.example,S00146,2025-09-30T00:00:00,opportunity_view,Sample Account 9,Account 360
rep03@sample.example,S00146,2025-09-30T00:01:00,account_view,Sample Account 9,Account 360
rep03@sample.example,S00146,2025-09-30T00:02:00,metric_view,Sample Account 9,Account 360
rep03@sample.example,S00146,2025-09-30T00:03:00,opportunity_view,Sample Account 9,Account 360
rep03@sample.example,S00146,2025-09-30T00:04:00,activity_view,Sample Account 9,Account 360
rep03@sample.example,S00146,2025-09-30T00:05:00,activity_view,Sample Account 9,Account 360
rep03@sample.example,S00146,2025-09-30T00:06:00,activity_view,Sample Account 9,Account 360
rep03@sample.example,S00146,2025-09-30T00:07:00,opportunity_view,Sample Account 9,Account 360
rep04@sample.example,S00147,2026-04-29T12:00:00,search,Sample Account 10,Account 360
rep04@sample.example,S00147,2026-04-29T12:01:00,search,Sample Account 10,Account 360
rep04@sample.example,S00147,2026-04-29T12:02:00,metric_view,Sample Account 10,Account 360
rep04@sample.example,S00147,2026-04-29T12:03:00,search,Sample Account 10,Account 360
rep05@sample.example,S00148,2025-12-05T09:00:00,search,Sample Account 14,Account 360
rep06@sample.example,S00149,2025-11-27T02:00:00,opportunity_view,Sample Account 18,Account 360
rep06@sample.example,S00149,2025-11-27T02:01:00,metric_view,Sample Account 18,Account 360
rep06@sample.example,S00149,2025-11-27T02:02:00,metric_view,Sample Account 18,Account 360
rep06@sample.example,S00149,2025-11-27T02:03:00,opportunity_view,Sample Account 18,Account 360
rep06@sample.example,S00149,2025-11-27T02:04:00,account_view,Sample Account 18,Account 360
rep06@sample.example,S00149,2025-11-27T02:05:00,metric_view,Sample Account 18,Account 360
rep06@sample.example,S00149,2025-11-27T02:06:00,activity_view,Sample Account 18,Account 360
rep07@sample.example,S00150,2025-07-27T18:00:00,search,Sample Account 19,Account 360
rep07@sample.example,S00150,2025-07-27T18:01:00,search,Sample Account 19,Account 360
rep07@sample.example,S00150,2025-07-27T18:02:00,search,Sample Account 19,Account 360
rep07@sample.example,S00150,2025-07-27T18:03:00,activity_view,Sample Account 19,Account 360
rep07@sample.example,S00150,2025-07-27T18:04:00,search,Sample Account 19,Account 360
rep07@sample.example,S00150,2025-07-27T18:05:00,search,Sample Account 19,Account 360
rep07@sample.example,S00150,2025-07-27T18:06:00,search,Sample Account 19,Account 360
rep08@sample.example,S00151,2026-05-17T19:00:00,metric_view,Sample Account 23,Account 360
rep08@sample.example,S00151,2026-05-17T19:01:00,activity_view,Sample Account 23,Account 360
rep08@sample.example,S00151,2026-05-17T19:02:00,search,Sample Account 23,Account 360
rep09@sample.example,S00152,2025-09-01T20:00:00,activity_view,Sample Account 27,Account 360
rep09@sample.example,S00152,2025-09-01T20:01:00,opportunity_view,Sample Account 27,Account 360
rep09@sample.example,S00152,2025-09-01T20:02:00,metric_view,Sample Account 27,Account 360
rep09@sample.example,S00152,2025-09-01T20:03:00,activity_view,Sample Account 27,Account 360
rep09@sample.example,S00152,2025-09-01T20:04:00,activity_view,Sample Account 27,Account 360
rep10@sample.example,S00153,2026-05-19T19:00:00,search,Sample Account 28,Account 360
rep10@sample.example,S00153,2026-05-19T19:01:00,search,Sample Account 28,Account 360
rep10@sample.example,S00153,2026-05-19T19:02:00,search,Sample Account 28,Account 360
rep10@sample.example,S00153,2026-05-19T19:03:00,search,Sample Account 28,Account 360
rep10@sample.example,S00153,2026-05-19T19:04:00,account_view,Sample Account 28,Account 360
rep10@sample.example,S00153,2026-05-19T19:05:00,search,Sample Account 28,Account 360
rep11@sample.example,S00154,2025-06-08T18:00:00,search,Sample Account 31,Account 360
rep11@sample.example,S00154,2025-06-08T18:01:00,opportunity_view,Sample Account 31,Account 360
rep11@sample.example,S00154,2025-06-08T18:02:00,search,Sample Account 31,Account 360
rep11@sample.example,S00154,2025-06-08T18:03:00,account_view,Sample Account 31,Account 360
rep11@sample.example,S00154,2025-06-08T18:04:00,search,Sample Account 31,Account 360
rep12@sample.example,S00155,2025-11-08T03:00:00,activity_view,Sample Account 24,Account 360
rep12@sample.example,S00155,2025-11-08T03:01:00,activity_view,Sample Account 24,Account 360
rep12@sample.example,S00155,2025-11-08T03:02:00,activity_view,Sample Account 24,Account 360
rep12@sample.example,S00155,2025-11-08T03:03:00,search,Sample Account 24,Account 360
rep12@sample.example,S00155,2025-11-08T03:04:00,metric_view,Sample Account 24,Account 360
rep01@sample.example,S00156,2025-10-30T07:00:00,search,Sample Account 1,Account 360
rep01@sample.example,S00156,2025-10-30T07:01:00,search,Sample Account 1,Account 360
rep01@sample.example,S00156,2025-10-30T07:02:00,search,Sample Account 1,Account 360
rep02@sample.example,S00157,2026-01-26T10:00:00,search,Sample Account 5,Account 360
rep02@sample.example,S00157,2026-01-26T10:01:00,search,Sample Account 5,Account 360
rep02@sample.example,S00157,2026-01-26T10:02:00,search,Sample Account 5,Account 360
rep02@sample.example,S00157,2026-01-26T10:03:00,search,Sample Account 5,Account 360
rep03@sample.example,S00158,2026-04-23T12:00:00,metric_view,Sample Account 9,Account 360
rep03@sample.example,S00158,2026-04-23T12:01:00,account_view,Sample Account 9,Account 360
rep03@sample.example,S00158,2026-04-23T12:02:00,search,Sample Account 9,Account 360
rep03@sample.example,S00158,2026-04-23T12:03:00,account_view,Sample Account 9,Account 360
rep03@sample.example,S00158,2026-04-23T12:04:00,search,Sample Account 9,Account 360
rep04@sample.example,S00159,2025-12-03T16:00:00,search,Sample Account 10,Account 360
rep05@sample.example,S00160,2025-12-22T19:00:00,search,Sample Account 14,Account 360
rep05@sample.example,S00160,2025-12-22T19:01:00,search,Sample Account 14,Account 360
rep05@sample.example,S00160,2025-12-22T19:02:00,account_view,Sample Account 14,Account 360
rep05@sample.example,S00160,2025-12-22T19:03:00,metric_view,Sample Account 14,Account 360
rep05@sample.example,S00160,2025-12-22T19:04:00,search,Sample Account 14,Account 360
rep05@sample.example,S00160,2025-12-22T19:05:00,opportunity_view,Sample Account 14,Account 360
rep05@sample.example,S00160,2025-12-22T19:06:00,search,Sample Account 14,Account 360
rep05@sample.example,S00160,2025-12-22T19:07:00,metric_view,Sample Account 14,Account 360
rep06@sample.example,S00161,2026-02-03T13:00:00,opportunity_view,Sample Account 18,Account 360
rep07@sample.example,S00162,2025-07-22T13:00:00,search,Sample Account 19,Account 360
rep08@sample.example,S00163,2026-03-08T13:00:00,account_view,Sample Account 23,Account 360
rep08@sample.example,S00163,2026-03-08T13:01:00,search,Sample Account 23,Account 360
rep08@sample.example,S00163,2026-03-08T13:02:00,search,Sample Account 23,Account 360
rep08@sample.example,S00163,2026-03-08T13:03:00,activity_view,Sample Account 23,Account 360
rep08@sample.example,S00163,2026-03-08T13:04:00,opportunity_view,Sample Account 23,Account 360
rep08@sample.example,S00163,2026-03-08T13:05:00,search,Sample Account 23,Account 360
rep08@sample.example,S00163,2026-03-08T13:06:00,activity_view,Sample Account 23,Account 360
rep09@sample.example,S00164,2026-02-02T00:00:00,search,Sample Account 27,Account 360
rep09@sample.example,S00164,2026-02-02T00:01:00,opportunity_view,Sample Account 27,Account 360
rep09@sample.example,S00164,2026-02-02T00:02:00,metric_view,Sample Account 27,Account 360
rep09@sample.example,S00164,2026-02-02T00:03:00,opportunity_view,Sample Account 27,Account 360
rep09@sample.example,S00164,2026-02-02T00:04:00,activity_view,Sample Account 27,Account 360
rep09@sample.example,S00164,2026-02-02T00:05:00,activity_view,Sample Account 27,Account 360
rep09@sample.example,S00164,2026-02-02T00:06:00,account_view,Sample Account 27,Account 360
rep09@sample.example,S00164,2026-02-02T00:07:00,metric_view,Sample Account 27,Account 360
rep10@sample.example,S00165,2025-11-28T06:00:00,search,Sample Account 28,Account 360
rep10@sample.example,S00165,2025-11-28T06:01:00,opportunity_view,Sample Account 28,Account 360
rep10@sample.example,S00165,2025-11-28T06:02:00,search,Sample Account 28,Account 360
rep10@sample.example,S00165,2025-11-28T06:03:00,search,Sample Account 28,Account 360
rep10@sample.example,S00165,2025-11-28T06:04:00,search,Sample Account 28,Account 360
rep10@sample.example,S00165,2025-11-28T06:05:00,search,Sample Account 28,Account 360
rep11@sample.example,S00166,2026-01-14T08:00:00,search,Sample Account 11,Account 360
rep11@sample.example,S00166,2026-01-14T08:01:00,activity_view,Sample Account 11,Account 360
rep11@sample.example,S00166,2026-01-14T08:02:00,activity_view,Sample Account 11,Account 360
rep11@sample.example,S00166,2026-01-14T08:03:00,opportunity_view,Sample Account 11,Account 360
rep11@sample.example,S00166,2026-01-14T08:04:00,opportunity_view,Sample Account 11,Account 360
rep11@sample.example,S00166,2026-01-14T08:05:00,search,Sample Account 11,Account 360
rep11@sample.example,S00166,2026-01-14T08:06:00,search,Sample Account 11,Account 360
rep11@sample.example,S00166,2026-01-14T08:07:00,search,Sample Account 11,Account 360
rep12@sample.example,S00167,2025-08-09T18:00:00,activity_view,Sample Account 5,Account 360
rep12@sample.example,S00167,2025-08-09T18:01:00,activity_view,Sample Account 5,Account 360
rep12@sample.example,S00167,2025-08-09T18:02:00,activity_view,Sample Account 5,Account 360
rep12@sample.example,S00167,2025-08-09T18:03:00,account_view,Sample Account 5,Account 360
rep12@sample.example,S00167,2025-08-09T18:04:00,activity_view,Sample Account 5,Account 360
rep01@sample.example,S00168,2026-05-13T10:00:00,search,Sample Account 1,Account 360
rep01@sample.example,S00168,2026-05-13T10:01:00,search,Sample Account 1,Account 360
rep01@sample.example,S00168,2026-05-13T10:02:00,search,Sample Account 1,Account 360
rep01@sample.example,S00168,2026-05-13T10:03:00,search,Sample Account 1,Account 360
rep01@sample.example,S00168,2026-05-13T10:04:00,search,Sample Account 1,Account 360
rep01@sample.example,S00168,2026-05-13T10:05:00,search,Sample Account 1,Account 360
rep01@sample.example,S00168,2026-05-13T10:06:00,search,Sample Account 1,Account 360
rep02@sample.example,S00169,2025-08-28T07:00:00,search,Sample Account 5,Account 360
rep02@sample.example,S00169,2025-08-28T07:01:00,metric_view,Sample Account 5,Account 360
rep02@sample.example,S00169,2025-08-28T07:02:00,search,Sample Account 5,Account 360
rep02@sample.example,S00169,2025-08-28T07:03:00,activity_view,Sample Account 5,Account 360
rep02@sample.example,S00169,2025-08-28T07:04:00,search,Sample Account 5,Account 360
rep02@sample.example,S00169,2025-08-28T07:05:00,opportunity_view,Sample Account 5,Account 360
rep02@sample.example,S00169,2025-08-28T07:06:00,search,Sample Account 5,Account 360
rep03@sample.example,S00170,2026-04-19T02:00:00,metric_view,Sample Account 9,Account 360
rep03@sample.example,S00170,2026-04-19T02:01:00,activity_view,Sample Account 9,Account 360
rep03@sample.example,S00170,2026-04-19T02:02:00,opportunity_view,Sample Account 9,Account 360
rep04@sample.example,S00171,2025-07-04T05:00:00,search,Sample Account 10,Account 360
rep04@sample.example,S00171,2025-07-04T05:01:00,search,Sample Account 10,Account 360
rep04@sample.example,S00171,2025-07-04T05:02:00,metric_view,Sample Account 10,Account 360
rep05@sample.example,S00172,2026-01-30T08:00:00,account_view,Sample Account 14,Account 360
rep05@sample.example,S00172,2026-01-30T08:01:00,search,Sample Account 14,Account 360
rep06@sample.example,S00173,2026-04-26T18:00:00,metric_view,Sample Account 18,Account 360
rep06@sample.example,S00173,2026-04-26T18:01:00,metric_view,Sample Account 18,Account 360
rep06@sample.example,S00173,2026-04-26T18:02:00,activity_view,Sample Account 18,Account 360
rep07@sample.example,S00174,2025-09-05T22:00:00,search,Sample Account 19,Account 360
rep07@sample.example,S00174,2025-09-05T22:01:00,search,Sample Account 19,Account 360
rep07@sample.example,S00174,2025-09-05T22:02:00,search,Sample Account 19,Account 360
rep07@sample.example,S00174,2025-09-05T22:03:00,search,Sample Account 19,Account 360
rep07@sample.example,S00174,2025-09-05T22:04:00,search,Sample Account 19,Account 360
rep07@sample.example,S00174,2025-09-05T22:05:00,search,Sample Account 19,Account 360
rep07@sample.example,S00174,2025-09-05T22:06:00,search,Sample Account 19,Account 360
rep08@sample.example,S00175,2025-11-19T14:00:00,opportunity_view,Sample Account 23,Account 360
rep08@sample.example,S00175,2025-11-19T14:01:00,account_view,Sample Account 23,Account 360
rep08@sample.example,S00175,2025-11-19T14:02:00,opportunity_view,Sample Account 23,Account 360
rep08@sample.example,S00175,2025-11-19T14:03:00,activity_view,Sample Account 23,Account 360
rep08@sample.example,S00175,2025-11-19T14:04:00,opportunity_view,Sample Account 23,Account 360
rep08@sample.example,S00175,2025-11-19T14:05:00,opportunity_view,Sample Account 23,Account 360
rep08@sample.example,S00175,2025-11-19T14:06:00,metric_view,Sample Account 23,Account 360
rep08@sample.example,S00175,2025-11-19T14:07:00,search,Sample Account 23,Account 360
rep09@sample.example,S00176,2025-09-12T12:00:00,metric_view,Sample Account 27,Account 360
rep09@sample.example,S00176,2025-09-12T12:01:00,account_view,Sample Account 27,Account 360
rep10@sample.example,S00177,2025-10-03T14:00:00,search,Sample Account 28,Account 360
rep10@sample.example,S00177,2025-10-03T14:01:00,search,Sample Account 28,Account 360
rep10@sample.example,S00177,2025-10-03T14:02:00,search,Sample Account 28,Account 360
rep10@sample.example,S00177,2025-10-03T14:03:00,search,Sample Account 28,Account 360
rep10@sample.example,S00177,2025-10-03T14:04:00,search,Sample Account 28,Account 360
rep10@sample.example,S00177,2025-10-03T14:05:00,search,Sample Account 28,Account 360
rep11@sample.example,S00178,2026-02-26T07:00:00,metric_view,Sample Account 36,Account 360
rep12@sample.example,S00179,2025-10-07T18:00:00,activity_view,Sample Account 18,Account 360
rep12@sample.example,S00179,2025-10-07T18:01:00,account_view,Sample Account 18,Account 360
rep12@sample.example,S00179,2025-10-07T18:02:00,account_view,Sample Account 18,Account 360
rep12@sample.example,S00179,2025-10-07T18:03:00,search,Sample Account 18,Account 360
rep12@sample.example,S00179,2025-10-07T18:04:00,account_view,Sample Account 18,Account 360
rep01@sample.example,S00180,2025-12-03T00:00:00,metric_view,Sample Account 1,Account 360
rep01@sample.example,S00180,2025-12-03T00:01:00,activity_view,Sample Account 1,Account 360
rep01@sample.example,S00180,2025-12-03T00:02:00,opportunity_view,Sample Account 1,Account 360
rep01@sample.example,S00180,2025-12-03T00:03:00,metric_view,Sample Account 1,Account 360
rep01@sample.example,S00180,2025-12-03T00:04:00,metric_view,Sample Account 1,Account 360
rep01@sample.example,S00180,2025-12-03T00:05:00,search,Sample Account 1,Account 360
rep02@sample.example,S00181,2026-05-04T21:00:00,account_view,Sample Account 5,Account 360
rep02@sample.example,S00181,2026-05-04T21:01:00,search,Sample Account 5,Account 360
rep02@sample.example,S00181,2026-05-04T21:02:00,activity_view,Sample Account 5,Account 360
rep02@sample.example,S00181,2026-05-04T21:03:00,account_view,Sample Account 5,Account 360
rep02@sample.example,S00181,2026-05-04T21:04:00,opportunity_view,Sample Account 5,Account 360
rep02@sample.example,S00181,2026-05-04T21:05:00,activity_view,Sample Account 5,Account 360
rep02@sample.example,S00181,2026-05-04T21:06:00,search,Sample Account 5,Account 360
rep03@sample.example,S00182,2026-05-12T13:00:00,metric_view,Sample Account 9,Account 360
rep03@sample.example,S00182,2026-05-12T13:01:00,activity_view,Sample Account 9,Account 360
rep03@sample.example,S00182,2026-05-12T13:02:00,metric_view,Sample Account 9,Account 360
rep03@sample.example,S00182,2026-05-12T13:03:00,metric_view,Sample Account 9,Account 360
rep03@sample.example,S00182,2026-05-12T13:04:00,metric_view,Sample Account 9,Account 360
rep04@sample.example,S00183,2026-01-15T13:00:00,search,Sample Account 10,Account 360
rep04@sample.example,S00183,2026-01-15T13:01:00,search,Sample Account 10,Account 360
rep04@sample.example,S00183,2026-01-15T13:02:00,search,Sample Account 10,Account 360
rep04@sample.example,S00183,2026-01-15T13:03:00,search,Sample Account 10,Account 360
rep05@sample.example,S00184,2025-10-19T14:00:00,opportunity_view,Sample Account 14,Account 360
rep05@sample.example,S00184,2025-10-19T14:01:00,metric_view,Sample Account 14,Account 360
rep05@sample.example,S00184,2025-10-19T14:02:00,account_view,Sample Account 14,Account 360
rep06@sample.example,S00185,2025-06-07T10:00:00,activity_view,Sample Account 18,Account 360
rep06@sample.example,S00185,2025-06-07T10:01:00,opportunity_view,Sample Account 18,Account 360
rep06@sample.example,S00185,2025-06-07T10:02:00,opportunity_view,Sample Account 18,Account 360
rep06@sample.example,S00185,2025-06-07T10:03:00,account_view,Sample Account 18,Account 360
rep06@sample.example,S00185,2025-06-07T10:04:00,metric_view,Sample Account 18,Account 360
rep06@sample.example,S00185,2025-06-07T10:05:00,opportunity_view,Sample Account 18,Account 360
rep06@sample.example,S00185,2025-06-07T10:06:00,opportunity_view,Sample Account 18,Account 360
rep07@sample.example,S00186,2025-12-04T14:00:00,search,Sample Account 19,Account 360
rep07@sample.example,S00186,2025-12-04T14:01:00,search,Sample Account 19,Account 360
rep08@sample.example,S00187,2026-01-06T23:00:00,search,Sample Account 23,Account 360
rep08@sample.example,S00187,2026-01-06T23:01:00,search,Sample Account 23,Account 360
rep08@sample.example,S00187,2026-01-06T23:02:00,activity_view,Sample Account 23,Account 360
rep09@sample.example,S00188,2025-07-08T18:00:00,metric_view,Sample Account 27,Account 360
rep09@sample.example,S00188,2025-07-08T18:01:00,activity_view,Sample Account 27,Account 360
rep09@sample.example,S00188,2025-07-08T18:02:00,account_view,Sample Account 27,Account 360
rep09@sample.example,S00188,2025-07-08T18:03:00,activity_view,Sample Account 27,Account 360
rep10@sample.example,S00189,2026-03-25T18:00:00,search,Sample Account 28,Account 360
rep10@sample.example,S00189,2026-03-25T18:01:00,search,Sample Account 28,Account 360
rep10@sample.example,S00189,2026-03-25T18:02:00,search,Sample Account 28,Account 360
rep10@sample.example,S00189,2026-03-25T18:03:00,search,Sample Account 28,Account 360
rep10@sample.example,S00189,2026-03-25T18:04:00,search,Sample Account 28,Account 360
rep10@sample.example,S00189,2026-03-25T18:05:00,search,Sample Account 28,Account 360
rep10@sample.example,S00189,2026-03-25T18:06:00,activity_view,Sample Account 28,Account 360
rep10@sample.example,S00189,2026-03-25T18:07:00,search,Sample Account 28,Account 360
rep11@sample.example,S00190,2025-07-02T12:00:00,search,Sample Account 38,Account 360
rep12@sample.example,S00191,2026-06-02T13:00:00,metric_view,Sample Account 10,Account 360
rep12@sample.example,S00191,2026-06-02T13:01:00,metric_view,Sample Account 10,Account 360
rep12@sample.example,S00191,2026-06-02T13:02:00,activity_view,Sample Account 10,Account 360
rep12@sample.example,S00191,2026-06-02T13:03:00,search,Sample Account 10,Account 360
rep12@sample.example,S00191,2026-06-02T13:04:00,opportunity_view,Sample Account 10,Account 360
rep12@sample.example,S00191,2026-06-02T13:05:00,activity_view,Sample Account 10,Account 360
rep12@sample.example,S00191,2026-06-02T13:06:00,opportunity_view,Sample Account 10,Account 360
rep12@sample.example,S00191,2026-06-02T13:07:00,opportunity_view,Sample Account 10,Account 360
rep01@sample.example,S00192,2025-08-18T04:00:00,search,Sample Account 1,Account 360
rep01@sample.example,S00192,2025-08-18T04:01:00,search,Sample Account 1,Account 360
rep02@sample.example,S00193,2025-07-15T06:00:00,search,Sample Account 5,Account 360
rep02@sample.example,S00193,2025-07-15T06:01:00,search,Sample Account 5,Account 360
rep02@sample.example,S00193,2025-07-15T06:02:00,metric_view,Sample Account 5,Account 360
rep03@sample.example,S00194,2026-04-06T23:00:00,activity_view,Sample Account 9,Account 360
rep03@sample.example,S00194,2026-04-06T23:01:00,metric_view,Sample Account 9,Account 360
rep03@sample.example,S00194,2026-04-06T23:02:00,search,Sample Account 9,Account 360
rep03@sample.example,S00194,2026-04-06T23:03:00,account_view,Sample Account 9,Account 360
rep04@sample.example,S00195,2026-03-28T16:00:00,search,Sample Account 10,Account 360
rep04@sample.example,S00195,2026-03-28T16:01:00,activity_view,Sample Account 10,Account 360
rep04@sample.example,S00195,2026-03-28T16:02:00,search,Sample Account 10,Account 360
rep04@sample.example,S00195,2026-03-28T16:03:00,search,Sample Account 10,Account 360
rep04@sample.example,S00195,2026-03-28T16:04:00,search,Sample Account 10,Account 360
rep04@sample.example,S00195,2026-03-28T16:05:00,search,Sample Account 10,Account 360
rep04@sample.example,S00195,2026-03-28T16:06:00,search,Sample Account 10,Account 360
rep04@sample.example,S00195,2026-03-28T16:07:00,search,Sample Account 10,Account 360
rep05@sample.example,S00196,2026-02-05T18:00:00,account_view,Sample Account 14,Account 360
rep05@sample.example,S00196,2026-02-05T18:01:00,search,Sample Account 14,Account 360
rep05@sample.example,S00196,2026-02-05T18:02:00,search,Sample Account 14,Account 360
rep06@sample.example,S00197,2025-10-28T21:00:00,opportunity_view,Sample Account 18,Account 360
rep06@sample.example,S00197,2025-10-28T21:01:00,account_view,Sample Account 18,Account 360
rep06@sample.example,S00197,2025-10-28T21:02:00,activity_view,Sample Account 18,Account 360
rep06@sample.example,S00197,2025-10-28T21:03:00,search,Sample Account 18,Account 360
rep06@sample.example,S00197,2025-10-28T21:04:00,opportunity_view,Sample Account 18,Account 360
rep07@sample.example,S00198,2026-05-30T08:00:00,search,Sample Account 19,Account 360
rep07@sample.example,S00198,2026-05-30T08:01:00,search,Sample Account 19,Account 360
rep07@sample.example,S00198,2026-05-30T08:02:00,search,Sample Account 19,Account 360
rep07@sample.example,S00198,2026-05-30T08:03:00,search,Sample Account 19,Account 360
rep07@sample.example,S00198,2026-05-30T08:04:00,search,Sample Account 19,Account 360
rep07@sample.example,S00198,2026-05-30T08:05:00,metric_view,Sample Account 19,Account 360
rep08@sample.example,S00199,2026-01-02T06:00:00,search,Sample Account 23,Account 360
rep08@sample.example,S00199,2026-01-02T06:01:00,opportunity_view,Sample Account 23,Account 360
rep08@sample.example,S00199,2026-01-02T06:02:00,opportunity_view,Sample Account 23,Account 360
rep08@sample.example,S00199,2026-01-02T06:03:00,activity_view,Sample Account 23,Account 360
rep08@sample.example,S00199,2026-01-02T06:04:00,metric_view,Sample Account 23,Account 360
rep09@sample.example,S00200,2025-08-19T04:00:00,search,Sample Account 27,Account 360
rep09@sample.example,S00200,2025-08-19T04:01:00,metric_view,Sample Account 27,Account 360
rep09@sample.example,S00200,2025-08-19T04:02:00,account_view,Sample Account 27,Account 360
rep09@sample.example,S00200,2025-08-19T04:03:00,search,Sample Account 27,Account 360
rep09@sample.example,S00200,2025-08-19T04:04:00,metric_view,Sample Account 27,Account 360
rep10@sample.example,S00201,2025-12-29T19:00:00,search,Sample Account 28,Account 360
rep10@sample.example,S00201,2025-12-29T19:01:00,metric_view,Sample Account 28,Account 360
rep10@sample.example,S00201,2025-12-29T19:02:00,search,Sample Account 28,Account 360
rep10@sample.example,S00201,2025-12-29T19:03:00,search,Sample Account 28,Account 360
rep10@sample.example,S00201,2025-12-29T19:04:00,search,Sample Account 28,Account 360
rep10@sample.example,S00201,2025-12-29T19:05:00,search,Sample Account 28,Account 360
rep10@sample.example,S00201,2025-12-29T19:06:00,search,Sample Account 28,Account 360
rep11@sample.example,S00202,2026-01-23T10:00:00,account_view,Sample Account 7,Account 360
rep11@sample.example,S00202,2026-01-23T10:01:00,metric_view,Sample Account 7,Account 360
rep11@sample.example,S00202,2026-01-23T10:02:00,search,Sample Account 7,Account 360
rep11@sample.example,S00202,2026-01-23T10:03:00,activity_view,Sample Account 7,Account 360
rep11@sample.example,S00202,2026-01-23T10:04:00,activity_view,Sample Account 7,Account 360
rep11@sample.example,S00202,2026-01-23T10:05:00,activity_view,Sample Account 7,Account 360
rep11@sample.example,S00202,2026-01-23T10:06:00,search,Sample Account 7,Account 360
rep12@sample.example,S00203,2025-07-14T19:00:00,metric_view,Sample Account 29,Account 360
rep12@sample.example,S00203,2025-07-14T19:01:00,metric_view,Sample Account 29,Account 360
rep12@sample.example,S00203,2025-07-14T19:02:00,account_view,Sample Account 29,Account 360
rep12@sample.example,S00203,2025-07-14T19:03:00,opportunity_view,Sample Account 29,Account 360
rep12@sample.example,S00203,2025-07-14T19:04:00,metric_view,Sample Account 29,Account 360
rep12@sample.example,S00203,2025-07-14T19:05:00,metric_view,Sample Account 29,Account 360
rep01@sample.example,S00204,2026-02-20T22:00:00,search,Sample Account 1,Account 360
rep01@sample.example,S00204,2026-02-20T22:01:00,search,Sample Account 1,Account 360
rep01@sample.example,S00204,2026-02-20T22:02:00,search,Sample Account 1,Account 360
rep01@sample.example,S00204,2026-02-20T22:03:00,search,Sample Account 1,Account 360
rep01@sample.example,S00204,2026-02-20T22:04:00,search,Sample Account 1,Account 360
rep01@sample.example,S00204,2026-02-20T22:05:00,search,Sample Account 1,Account 360
rep01@sample.example,S00204,2026-02-20T22:06:00,search,Sample Account 1,Account 360
rep02@sample.example,S00205,2025-10-21T20:00:00,search,Sample Account 5,Account 360
rep02@sample.example,S00205,2025-10-21T20:01:00,account_view,Sample Account 5,Account 360
rep03@sample.example,S00206,2026-01-21T17:00:00,opportunity_view,Sample Account 9,Account 360
rep04@sample.example,S00207,2026-04-17T07:00:00,search,Sample Account 10,Account 360
rep04@sample.example,S00207,2026-04-17T07:01:00,search,Sample Account 10,Account 360
rep05@sample.example,S00208,2026-01-02T17:00:00,search,Sample Account 14,Account 360
rep05@sample.example,S00208,2026-01-02T17:01:00,search,Sample Account 14,Account 360
rep05@sample.example,S00208,2026-01-02T17:02:00,search,Sample Account 14,Account 360
rep05@sample.example,S00208,2026-01-02T17:03:00,search,Sample Account 14,Account 360
rep05@sample.example,S00208,2026-01-02T17:04:00,search,Sample Account 14,Account 360
rep05@sample.example,S00208,2026-01-02T17:05:00,opportunity_view,Sample Account 14,Account 360
rep05@sample.example,S00208,2026-01-02T17:06:00,search,Sample Account 14,Account 360
rep05@sample.example,S00208,2026-01-02T17:07:00,search,Sample Account 14,Account 360
rep06@sample.example,S00209,2025-07-10T06:00:00,search,Sample Account 18,Account 360
rep06@sample.example,S00209,2025-07-10T06:01:00,opportunity_view,Sample Account 18,Account 360
rep07@sample.example,S00210,2026-05-20T12:00:00,search,Sample Account 19,Account 360
rep07@sample.example,S00210,2026-05-20T12:01:00,search,Sample Account 19,Account 360
rep07@sample.example,S00210,2026-05-20T12:02:00,search,Sample Account 19,Account 360
rep07@sample.example,S00210,2026-05-20T12:03:00,account_view,Sample Account 19,Account 360
rep08@sample.example,S00211,2025-06-03T11:00:00,search,Sample Account 23,Account 360
rep08@sample.example,S00211,2025-06-03T11:01:00,search,Sample Account 23,Account 360
rep08@sample.example,S00211,2025-06-03T11:02:00,search,Sample Account 23,Account 360
rep09@sample.example,S00212,2025-11-20T23:00:00,account_view,Sample Account 27,Account 360
rep09@sample.example,S00212,2025-11-20T23:01:00,opportunity_view,Sample Account 27,Account 360
rep09@sample.example,S00212,2025-11-20T23:02:00,metric_view,Sample Account 27,Account 360
rep09@sample.example,S00212,2025-11-20T23:03:00,search,Sample Account 27,Account 360
rep09@sample.example,S00212,2025-11-20T23:04:00,account_view,Sample Account 27,Account 360
rep09@sample.example,S00212,2025-11-20T23:05:00,activity_view,Sample Account 27,Account 360
rep09@sample.example,S00212,2025-11-20T23:06:00,account_view,Sample Account 27,Account 360
rep09@sample.example,S00212,2025-11-20T23:07:00,account_view,Sample Account 27,Account 360
rep10@sample.example,S00213,2025-12-23T20:00:00,opportunity_view,Sample Account 28,Account 360
rep10@sample.example,S00213,2025-12-23T20:01:00,search,Sample Account 28,Account 360
rep11@sample.example,S00214,2026-05-14T23:00:00,opportunity_view,Sample Account 6,Account 360
rep11@sample.example,S00214,2026-05-14T23:01:00,activity_view,Sample Account 6,Account 360
rep11@sample.example,S00214,2026-05-14T23:02:00,opportunity_view,Sample Account 6,Account 360
rep11@sample.example,S00214,2026-05-14T23:03:00,search,Sample Account 6,Account 360
rep11@sample.example,S00214,2026-05-14T23:04:00,account_view,Sample Account 6,Account 360
rep12@sample.example,S00215,2025-09-02T23:00:00,opportunity_view,Sample Account 30,Account 360
rep12@sample.example,S00215,2025-09-02T23:01:00,opportunity_view,Sample Account 30,Account 360
rep01@sample.example,S00216,2026-03-05T11:00:00,search,Sample Account 1,Account 360
rep01@sample.example,S00216,2026-03-05T11:01:00,opportunity_view,Sample Account 1,Account 360
rep02@sample.example,S00217,2025-08-14T18:00:00,account_view,Sample Account 5,Account 360
rep02@sample.example,S00217,2025-08-14T18:01:00,activity_view,Sample Account 5,Account 360
rep02@sample.example,S00217,2025-08-14T18:02:00,account_view,Sample Account 5,Account 360
rep02@sample.example,S00217,2025-08-14T18:03:00,metric_view,Sample Account 5,Account 360
rep02@sample.example,S00217,2025-08-14T18:04:00,metric_view,Sample Account 5,Account 360
rep02@sample.example,S00217,2025-08-14T18:05:00,search,Sample Account 5,Account 360
rep02@sample.example,S00217,2025-08-14T18:06:00,search,Sample Account 5,Account 360
rep03@sample.example,S00218,2026-03-14T04:00:00,opportunity_view,Sample Account 9,Account 360
rep03@sample.example,S00218,2026-03-14T04:01:00,opportunity_view,Sample Account 9,Account 360
rep03@sample.example,S00218,2026-03-14T04:02:00,account_view,Sample Account 9,Account 360
rep03@sample.example,S00218,2026-03-14T04:03:00,metric_view,Sample Account 9,Account 360
rep03@sample.example,S00218,2026-03-14T04:04:00,metric_view,Sample Account 9,Account 360
rep03@sample.example,S00218,2026-03-14T04:05:00,account_view,Sample Account 9,Account 360
rep04@sample.example,S00219,2026-03-21T00:00:00,search,Sample Account 10,Account 360
rep04@sample.example,S00219,2026-03-21T00:01:00,search,Sample Account 10,Account 360
rep04@sample.example,S00219,2026-03-21T00:02:00,search,Sample Account 10,Account 360
rep04@sample.example,S00219,2026-03-21T00:03:00,search,Sample Account 10,Account 360
rep04@sample.example,S00219,2026-03-21T00:04:00,search,Sample Account 10,Account 360
rep04@sample.example,S00219,2026-03-21T00:05:00,search,Sample Account 10,Account 360
rep04@sample.example,S00219,2026-03-21T00:06:00,search,Sample Account 10,Account 360
rep04@sample.example,S00219,2026-03-21T00:07:00,search,Sample Account 10,Account 360
rep05@sample.example,S00220,2026-01-07T07:00:00,search,Sample Account 14,Account 360
rep05@sample.example,S00220,2026-01-07T07:01:00,search,Sample Account 14,Account 360
rep05@sample.example,S00220,2026-01-07T07:02:00,search,Sample Account 14,Account 360
rep05@sample.example,S00220,2026-01-07T07:03:00,metric_view,Sample Account 14,Account 360
rep05@sample.example,S00220,2026-01-07T07:04:00,opportunity_view,Sample Account 14,Account 360
rep05@sample.example,S00220,2026-01-07T07:05:00,search,Sample Account 14,Account 360
rep05@sample.example,S00220,2026-01-07T07:06:00,search,Sample Account 14,Account 360
rep06@sample.example,S00221,2025-06-07T02:00:00,account_view,Sample Account 18,Account 360
rep06@sample.example,S00221,2025-06-07T02:01:00,metric_view,Sample Account 18,Account 360
rep06@sample.example,S00221,2025-06-07T02:02:00,search,Sample Account 18,Account 360
rep06@sample.example,S00221,2025-06-07T02:03:00,metric_view,Sample Account 18,Account 360
rep06@sample.example,S00221,2025-06-07T02:04:00,opportunity_view,Sample Account 18,Account 360
rep06@sample.example,S00221,2025-06-07T02:05:00,account_view,Sample Account 18,Account 360
rep07@sample.example,S00222,2026-01-02T03:00:00,search,Sample Account 19,Account 360
rep07@sample.example,S00222,2026-01-02T03:01:00,search,Sample Account 19,Account 360
rep07@sample.example,S00222,2026-01-02T03:02:00,search,Sample Account 19,Account 360
rep08@sample.example,S00223,2025-07-07T05:00:00,metric_view,Sample Account 23,Account 360
rep08@sample.example,S00223,2025-07-07T05:01:00,search,Sample Account 23,Account 360
rep09@sample.example,S00224,2026-03-18T11:00:00,metric_view,Sample Account 27,Account 360
rep09@sample.example,S00224,2026-03-18T11:01:00,account_view,Sample Account 27,Account 360
rep09@sample.example,S00224,2026-03-18T11:02:00,opportunity_view,Sample Account 27,Account 360
rep09@sample.example,S00224,2026-03-18T11:03:00,metric_view,Sample Account 27,Account 360
rep09@sample.example,S00224,2026-03-18T11:04:00,opportunity_view,Sample Account 27,Account 360
rep09@sample.example,S00224,2026-03-18T11:05:00,metric_view,Sample Account 27,Account 360
rep10@sample.example,S00225,2025-12-10T18:00:00,search,Sample Account 28,Account 360
rep11@sample.example,S00226,2025-07-03T17:00:00,search,Sample Account 32,Account 360
rep11@sample.example,S00226,2025-07-03T17:01:00,search,Sample Account 32,Account 360
rep11@sample.example,S00226,2025-07-03T17:02:00,search,Sample Account 32,Account 360
rep11@sample.example,S00226,2025-07-03T17:03:00,search,Sample Account 32,Account 360
rep11@sample.example,S00226,2025-07-03T17:04:00,opportunity_view,Sample Account 32,Account 360
rep11@sample.example,S00226,2025-07-03T17:05:00,search,Sample Account 32,Account 360
rep11@sample.example,S00226,2025-07-03T17:06:00,activity_view,Sample Account 32,Account 360
rep12@sample.example,S00227,2026-01-16T00:00:00,account_view,Sample Account 27,Account 360
rep12@sample.example,S00227,2026-01-16T00:01:00,opportunity_view,Sample Account 27,Account 360
rep01@sample.example,S00228,2026-02-13T22:00:00,search,Sample Account 1,Account 360
rep01@sample.example,S00228,2026-02-13T22:01:00,search,Sample Account 1,Account 360
rep01@sample.example,S00228,2026-02-13T22:02:00,search,Sample Account 1,Account 360
rep01@sample.example,S00228,2026-02-13T22:03:00,search,Sample Account 1,Account 360
rep01@sample.example,S00228,2026-02-13T22:04:00,search,Sample Account 1,Account 360
rep01@sample.example,S00228,2026-02-13T22:05:00,search,Sample Account 1,Account 360
rep01@sample.example,S00228,2026-02-13T22:06:00,search,Sample Account 1,Account 360
rep01@sample.example,S00228,2026-02-13T22:07:00,search,Sample Account 1,Account 360
rep02@sample.example,S00229,2026-06-10T04:00:00,search,Sample Account 5,Account 360
rep02@sample.example,S00229,2026-06-10T04:01:00,account_view,Sample Account 5,Account 360
rep03@sample.example,S00230,2025-10-23T03:00:00,opportunity_view,Sample Account 9,Account 360
rep03@sample.example,S00230,2025-10-23T03:01:00,account_view,Sample Account 9,Account 360
rep04@sample.example,S00231,2025-09-14T20:00:00,search,Sample Account 10,Account 360
rep04@sample.example,S00231,2025-09-14T20:01:00,activity_view,Sample Account 10,Account 360
rep04@sample.example,S00231,2025-09-14T20:02:00,search,Sample Account 10,Account 360
rep04@sample.example,S00231,2025-09-14T20:03:00,search,Sample Account 10,Account 360
rep04@sample.example,S00231,2025-09-14T20:04:00,search,Sample Account 10,Account 360
rep05@sample.example,S00232,2026-05-04T12:00:00,activity_view,Sample Account 14,Account 360
rep05@sample.example,S00232,2026-05-04T12:01:00,search,Sample Account 14,Account 360
rep05@sample.example,S00232,2026-05-04T12:02:00,opportunity_view,Sample Account 14,Account 360
rep05@sample.example,S00232,2026-05-04T12:03:00,search,Sample Account 14,Account 360
rep05@sample.example,S00232,2026-05-04T12:04:00,account_view,Sample Account 14,Account 360
rep05@sample.example,S00232,2026-05-04T12:05:00,opportunity_view,Sample Account 14,Account 360
rep05@sample.example,S00232,2026-05-04T12:06:00,search,Sample Account 14,Account 360
rep05@sample.example,S00232,2026-05-04T12:07:00,activity_view,Sample Account 14,Account 360
rep06@sample.example,S00233,2026-04-06T02:00:00,opportunity_view,Sample Account 18,Account 360
rep06@sample.example,S00233,2026-04-06T02:01:00,activity_view,Sample Account 18,Account 360
rep06@sample.example,S00233,2026-04-06T02:02:00,activity_view,Sample Account 18,Account 360
rep06@sample.example,S00233,2026-04-06T02:03:00,metric_view,Sample Account 18,Account 360
rep06@sample.example,S00233,2026-04-06T02:04:00,activity_view,Sample Account 18,Account 360
rep06@sample.example,S00233,2026-04-06T02:05:00,metric_view,Sample Account 18,Account 360
rep06@sample.example,S00233,2026-04-06T02:06:00,search,Sample Account 18,Account 360
rep06@sample.example,S00233,2026-04-06T02:07:00,metric_view,Sample Account 18,Account 360
rep07@sample.example,S00234,2026-02-13T18:00:00,search,Sample Account 19,Account 360
rep07@sample.example,S00234,2026-02-13T18:01:00,search,Sample Account 19,Account 360
rep07@sample.example,S00234,2026-02-13T18:02:00,search,Sample Account 19,Account 360
rep07@sample.example,S00234,2026-02-13T18:03:00,search,Sample Account 19,Account 360
rep08@sample.example,S00235,2026-03-10T11:00:00,account_view,Sample Account 23,Account 360
rep08@sample.example,S00235,2026-03-10T11:01:00,account_view,Sample Account 23,Account 360
rep08@sample.example,S00235,2026-03-10T11:02:00,search,Sample Account 23,Account 360
rep08@sample.example,S00235,2026-03-10T11:03:00,search,Sample Account 23,Account 360
rep08@sample.example,S00235,2026-03-10T11:04:00,metric_view,Sample Account 23,Account 360
rep08@sample.example,S00235,2026-03-10T11:05:00,search,Sample Account 23,Account 360
rep08@sample.example,S00235,2026-03-10T11:06:00,search,Sample Account 23,Account 360
rep08@sample.example,S00235,2026-03-10T11:07:00,opportunity_view,Sample Account 23,Account 360
rep09@sample.example,S00236,2026-04-01T22:00:00,account_view,Sample Account 27,Account 360
rep09@sample.example,S00236,2026-04-01T22:01:00,opportunity_view,Sample Account 27,Account 360
rep09@sample.example,S00236,2026-04-01T22:02:00,opportunity_view,Sample Account 27,Account 360
rep09@sample.example,S00236,2026-04-01T22:03:00,metric_view,Sample Account 27,Account 360
rep09@sample.example,S00236,2026-04-01T22:04:00,opportunity_view,Sample Account 27,Account 360
rep09@sample.example,S00236,2026-04-01T22:05:00,metric_view,Sample Account 27,Account 360
rep10@sample.example,S00237,2026-01-08T11:00:00,search,Sample Account 28,Account 360
rep10@sample.example,S00237,2026-01-08T11:01:00,search,Sample Account 28,Account 360
rep10@sample.example,S00237,2026-01-08T11:02:00,search,Sample Account 28,Account 360
rep10@sample.example,S00237,2026-01-08T11:03:00,search,Sample Account 28,Account 360
rep10@sample.example,S00237,2026-01-08T11:04:00,search,Sample Account 28,Account 360
rep10@sample.example,S00237,2026-01-08T11:05:00,search,Sample Account 28,Account 360
rep11@sample.example,S00238,2025-11-18T02:00:00,metric_view,Sample Account 8,Account 360
rep11@sample.example,S00238,2025-11-18T02:01:00,search,Sample Account 8,Account 360
rep11@sample.example,S00238,2025-11-18T02:02:00,opportunity_view,Sample Account 8,Account 360
rep11@sample.example,S00238,2025-11-18T02:03:00,account_view,Sample Account 8,Account 360
rep11@sample.example,S00238,2025-11-18T02:04:00,metric_view,Sample Account 8,Account 360
rep11@sample.example,S00238,2025-11-18T02:05:00,search,Sample Account 8,Account 360
rep12@sample.example,S00239,2025-09-12T21:00:00,opportunity_view,Sample Account 33,Account 360
rep12@sample.example,S00239,2025-09-12T21:01:00,opportunity_view,Sample Account 33,Account 360
rep12@sample.example,S00239,2025-09-12T21:02:00,metric_view,Sample Account 33,Account 360
rep12@sample.example,S00239,2025-09-12T21:03:00,activity_view,Sample Account 33,Account 360
rep12@sample.example,S00239,2025-09-12T21:04:00,search,Sample Account 33,Account 360
rep12@sample.example,S00239,2025-09-12T21:05:00,opportunity_view,Sample Account 33,Account 360
rep12@sample.example,S00239,2025-09-12T21:06:00,metric_view,Sample Account 33,Account 360
rep01@sample.example,S00240,2026-01-22T22:00:00,search,Sample Account 1,Account 360
rep01@sample.example,S00240,2026-01-22T22:01:00,search,Sample Account 1,Account 360
rep01@sample.example,S00240,2026-01-22T22:02:00,search,Sample Account 1,Account 360
rep01@sample.example,S00240,2026-01-22T22:03:00,search,Sample Account 1,Account 360
rep02@sample.example,S00241,2025-11-06T12:00:00,search,Sample Account 5,Account 360
rep02@sample.example,S00241,2025-11-06T12:01:00,account_view,Sample Account 5,Account 360
rep03@sample.example,S00242,2025-12-24T09:00:00,account_view,Sample Account 9,Account 360
rep04@sample.example,S00243,2025-10-12T07:00:00,search,Sample Account 10,Account 360
rep04@sample.example,S00243,2025-10-12T07:01:00,search,Sample Account 10,Account 360
rep04@sample.example,S00243,2025-10-12T07:02:00,account_view,Sample Account 10,Account 360
rep04@sample.example,S00243,2025-10-12T07:03:00,search,Sample Account 10,Account 360
rep04@sample.example,S00243,2025-10-12T07:04:00,search,Sample Account 10,Account 360
rep04@sample.example,S00243,2025-10-12T07:05:00,search,Sample Account 10,Account 360
rep05@sample.example,S00244,2026-05-22T19:00:00,opportunity_view,Sample Account 14,Account 360
rep05@sample.example,S00244,2026-05-22T19:01:00,metric_view,Sample Account 14,Account 360
rep06@sample.example,S00245,2026-05-07T15:00:00,account_view,Sample Account 18,Account 360
rep06@sample.example,S00245,2026-05-07T15:01:00,activity_view,Sample Account 18,Account 360
rep06@sample.example,S00245,2026-05-07T15:02:00,activity_view,Sample Account 18,Account 360
rep06@sample.example,S00245,2026-05-07T15:03:00,account_view,Sample Account 18,Account 360
rep07@sample.example,S00246,2025-09-01T02:00:00,search,Sample Account 19,Account 360
rep07@sample.example,S00246,2025-09-01T02:01:00,search,Sample Account 19,Account 360
rep07@sample.example,S00246,2025-09-01T02:02:00,search,Sample Account 19,Account 360
rep07@sample.example,S00246,2025-09-01T02:03:00,search,Sample Account 19,Account 360
rep07@sample.example,S00246,2025-09-01T02:04:00,search,Sample Account 19,Account 360
rep08@sample.example,S00247,2025-09-14T15:00:00,search,Sample Account 23,Account 360
rep08@sample.example,S00247,2025-09-14T15:01:00,activity_view,Sample Account 23,Account 360
rep08@sample.example,S00247,2025-09-14T15:02:00,search,Sample Account 23,Account 360
rep08@sample.example,S00247,2025-09-14T15:03:00,search,Sample Account 23,Account 360
rep08@sample.example,S00247,2025-09-14T15:04:00,search,Sample Account 23,Account 360
rep08@sample.example,S00247,2025-09-14T15:05:00,search,Sample Account 23,Account 360
rep08@sample.example,S00247,2025-09-14T15:06:00,opportunity_view,Sample Account 23,Account 360
rep09@sample.example,S00248,2025-07-29T23:00:00,search,Sample Account 27,Account 360
rep09@sample.example,S00248,2025-07-29T23:01:00,account_view,Sample Account 27,Account 360
rep09@sample.example,S00248,2025-07-29T23:02:00,metric_view,Sample Account 27,Account 360
rep10@sample.example,S00249,2025-06-17T10:00:00,opportunity_view,Sample Account 28,Account 360
rep10@sample.example,S00249,2025-06-17T10:01:00,search,Sample Account 28,Account 360
rep10@sample.example,S00249,2025-06-17T10:02:00,search,Sample Account 28,Account 360
rep10@sample.example,S00249,2025-06-17T10:03:00,search,Sample Account 28,Account 360
rep10@sample.example,S00249,2025-06-17T10:04:00,search,Sample Account 28,Account 360
rep10@sample.example,S00249,2025-06-17T10:05:00,search,Sample Account 28,Account 360
rep10@sample.example,S00249,2025-06-17T10:06:00,account_view,Sample Account 28,Account 360
rep11@sample.example,S00250,2026-02-25T22:00:00,metric_view,Sample Account 14,Account 360
rep11@sample.example,S00250,2026-02-25T22:01:00,activity_view,Sample Account 14,Account 360
rep11@sample.example,S00250,2026-02-25T22:02:00,opportunity_view,Sample Account 14,Account 360
rep11@sample.example,S00250,2026-02-25T22:03:00,metric_view,Sample Account 14,Account 360
rep12@sample.example,S00251,2026-01-15T22:00:00,opportunity_view,Sample Account 34,Account 360
rep12@sample.example,S00251,2026-01-15T22:01:00,search,Sample Account 34,Account 360
rep12@sample.example,S00251,2026-01-15T22:02:00,opportunity_view,Sample Account 34,Account 360
rep12@sample.example,S00251,2026-01-15T22:03:00,metric_view,Sample Account 34,Account 360
rep12@sample.example,S00251,2026-01-15T22:04:00,opportunity_view,Sample Account 34,Account 360
rep12@sample.example,S00251,2026-01-15T22:05:00,metric_view,Sample Account 34,Account 360
rep01@sample.example,S00252,2025-10-05T04:00:00,search,Sample Account 1,Account 360
rep01@sample.example,S00252,2025-10-05T04:01:00,search,Sample Account 1,Account 360
rep01@sample.example,S00252,2025-10-05T04:02:00,search,Sample Account 1,Account 360
rep01@sample.example,S00252,2025-10-05T04:03:00,search,Sample Account 1,Account 360
rep02@sample.example,S00253,2025-06-16T06:00:00,account_view,Sample Account 5,Account 360
rep02@sample.example,S00253,2025-06-16T06:01:00,metric_view,Sample Account 5,Account 360
rep02@sample.example,S00253,2025-06-16T06:02:00,search,Sample Account 5,Account 360
rep03@sample.example,S00254,2025-10-18T12:00:00,account_view,Sample Account 9,Account 360
rep04@sample.example,S00255,2025-07-24T15:00:00,search,Sample Account 10,Account 360
rep04@sample.example,S00255,2025-07-24T15:01:00,opportunity_view,Sample Account 10,Account 360
rep04@sample.example,S00255,2025-07-24T15:02:00,search,Sample Account 10,Account 360
rep04@sample.example,S00255,2025-07-24T15:03:00,search,Sample Account 10,Account 360
rep05@sample.example,S00256,2025-07-20T22:00:00,search,Sample Account 14,Account 360
rep05@sample.example,S00256,2025-07-20T22:01:00,opportunity_view,Sample Account 14,Account 360
rep05@sample.example,S00256,2025-07-20T22:02:00,opportunity_view,Sample Account 14,Account 360
rep05@sample.example,S00256,2025-07-20T22:03:00,metric_view,Sample Account 14,Account 360
rep05@sample.example,S00256,2025-07-20T22:04:00,search,Sample Account 14,Account 360
rep05@sample.example,S00256,2025-07-20T22:05:00,search,Sample Account 14,Account 360
rep05@sample.example,S00256,2025-07-20T22:06:00,account_view,Sample Account 14,Account 360
rep06@sample.example,S00257,2025-07-06T12:00:00,account_view,Sample Account 18,Account 360
rep06@sample.example,S00257,2025-07-06T12:01:00,opportunity_view,Sample Account 18,Account 360
rep06@sample.example,S00257,2025-07-06T12:02:00,opportunity_view,Sample Account 18,Account 360
rep06@sample.example,S00257,2025-07-06T12:03:00,activity_view,Sample Account 18,Account 360
rep06@sample.example,S00257,2025-07-06T12:04:00,search,Sample Account 18,Account 360
rep06@sample.example,S00257,2025-07-06T12:05:00,search,Sample Account 18,Account 360
rep06@sample.example,S00257,2025-07-06T12:06:00,opportunity_view,Sample Account 18,Account 360
rep06@sample.example,S00257,2025-07-06T12:07:00,metric_view,Sample Account 18,Account 360
rep07@sample.example,S00258,2025-06-30T05:00:00,search,Sample Account 19,Account 360
rep07@sample.example,S00258,2025-06-30T05:01:00,search,Sample Account 19,Account 360
rep07@sample.example,S00258,2025-06-30T05:02:00,search,Sample Account 19,Account 360
rep07@sample.example,S00258,2025-06-30T05:03:00,search,Sample Account 19,Account 360
rep08@sample.example,S00259,2026-04-06T18:00:00,account_view,Sample Account 23,Account 360
rep08@sample.example,S00259,2026-04-06T18:01:00,search,Sample Account 23,Account 360
rep08@sample.example,S00259,2026-04-06T18:02:00,account_view,Sample Account 23,Account 360
rep08@sample.example,S00259,2026-04-06T18:03:00,search,Sample Account 23,Account 360
rep08@sample.example,S00259,2026-04-06T18:04:00,search,Sample Account 23,Account 360
rep08@sample.example,S00259,2026-04-06T18:05:00,search,Sample Account 23,Account 360
rep09@sample.example,S00260,2025-08-24T01:00:00,account_view,Sample Account 27,Account 360
rep09@sample.example,S00260,2025-08-24T01:01:00,activity_view,Sample Account 27,Account 360
rep09@sample.example,S00260,2025-08-24T01:02:00,metric_view,Sample Account 27,Account 360
rep09@sample.example,S00260,2025-08-24T01:03:00,search,Sample Account 27,Account 360
rep09@sample.example,S00260,2025-08-24T01:04:00,opportunity_view,Sample Account 27,Account 360
rep10@sample.example,S00261,2025-06-12T06:00:00,search,Sample Account 28,Account 360
rep10@sample.example,S00261,2025-06-12T06:01:00,search,Sample Account 28,Account 360
rep11@sample.example,S00262,2025-10-05T22:00:00,search,Sample Account 33,Account 360
rep11@sample.example,S00262,2025-10-05T22:01:00,search,Sample Account 33,Account 360
rep11@sample.example,S00262,2025-10-05T22:02:00,activity_view,Sample Account 33,Account 360
rep12@sample.example,S00263,2026-04-10T20:00:00,activity_view,Sample Account 39,Account 360
rep12@sample.example,S00263,2026-04-10T20:01:00,opportunity_view,Sample Account 39,Account 360
rep12@sample.example,S00263,2026-04-10T20:02:00,activity_view,Sample Account 39,Account 360
rep12@sample.example,S00263,2026-04-10T20:03:00,search,Sample Account 39,Account 360
rep12@sample.example,S00263,2026-04-10T20:04:00,activity_view,Sample Account 39,Account 360
rep12@sample.example,S00263,2026-04-10T20:05:00,metric_view,Sample Account 39,Account 360
rep01@sample.example,S00264,2025-09-20T03:00:00,search,Sample Account 1,Account 360
rep02@sample.example,S00265,2025-10-23T10:00:00,activity_view,Sample Account 5,Account 360
rep03@sample.example,S00266,2026-05-07T18:00:00,opportunity_view,Sample Account 9,Account 360
rep03@sample.example,S00266,2026-05-07T18:01:00,opportunity_view,Sample Account 9,Account 360
rep04@sample.example,S00267,2025-12-25T17:00:00,search,Sample Account 10,Account 360
rep05@sample.example,S00268,2026-02-08T03:00:00,metric_view,Sample Account 14,Account 360
rep05@sample.example,S00268,2026-02-08T03:01:00,opportunity_view,Sample Account 14,Account 360
rep05@sample.example,S00268,2026-02-08T03:02:00,search,Sample Account 14,Account 360
rep05@sample.example,S00268,2026-02-08T03:03:00,search,Sample Account 14,Account 360
rep05@sample.example,S00268,2026-02-08T03:04:00,activity_view,Sample Account 14,Account 360
rep05@sample.example,S00268,2026-02-08T03:05:00,activity_view,Sample Account 14,Account 360
rep05@sample.example,S00268,2026-02-08T03:06:00,opportunity_view,Sample Account 14,Account 360
rep05@sample.example,S00268,2026-02-08T03:07:00,metric_view,Sample Account 14,Account 360
rep06@sample.example,S00269,2025-09-25T17:00:00,activity_view,Sample Account 18,Account 360
rep06@sample.example,S00269,2025-09-25T17:01:00,metric_view,Sample Account 18,Account 360
rep06@sample.example,S00269,2025-09-25T17:02:00,account_view,Sample Account 18,Account 360
rep06@sample.example,S00269,2025-09-25T17:03:00,account_view,Sample Account 18,Account 360
rep06@sample.example,S00269,2025-09-25T17:04:00,account_view,Sample Account 18,Account 360
rep06@sample.example,S00269,2025-09-25T17:05:00,activity_view,Sample Account 18,Account 360
rep07@sample.example,S00270,2025-06-02T02:00:00,search,Sample Account 19,Account 360
rep07@sample.example,S00270,2025-06-02T02:01:00,search,Sample Account 19,Account 360
rep07@sample.example,S00270,2025-06-02T02:02:00,search,Sample Account 19,Account 360
rep07@sample.example,S00270,2025-06-02T02:03:00,search,Sample Account 19,Account 360
rep07@sample.example,S00270,2025-06-02T02:04:00,metric_view,Sample Account 19,Account 360
rep07@sample.example,S00270,2025-06-02T02:05:00,search,Sample Account 19,Account 360
rep07@sample.example,S00270,2025-06-02T02:06:00,search,Sample Account 19,Account 360
rep07@sample.example,S00270,2025-06-02T02:07:00,search,Sample Account 19,Account 360
rep08@sample.example,S00271,2025-06-19T13:00:00,search,Sample Account 23,Account 360
rep08@sample.example,S00271,2025-06-19T13:01:00,metric_view,Sample Account 23,Account 360
rep08@sample.example,S00271,2025-06-19T13:02:00,search,Sample Account 23,Account 360
rep08@sample.example,S00271,2025-06-19T13:03:00,activity_view,Sample Account 23,Account 360
rep08@sample.example,S00271,2025-06-19T13:04:00,search,Sample Account 23,Account 360
rep09@sample.example,S00272,2025-11-21T20:00:00,search,Sample Account 27,Account 360
rep09@sample.example,S00272,2025-11-21T20:01:00,activity_view,Sample Account 27,Account 360
rep09@sample.example,S00272,2025-11-21T20:02:00,account_view,Sample Account 27,Account 360
rep09@sample.example,S00272,2025-11-21T20:03:00,search,Sample Account 27,Account 360
rep10@sample.example,S00273,2026-05-01T10:00:00,search,Sample Account 28,Account 360
rep10@sample.example,S00273,2026-05-01T10:01:00,search,Sample Account 28,Account 360
rep10@sample.example,S00273,2026-05-01T10:02:00,search,Sample Account 28,Account 360
rep10@sample.example,S00273,2026-05-01T10:03:00,search,Sample Account 28,Account 360
rep10@sample.example,S00273,2026-05-01T10:04:00,search,Sample Account 28,Account 360
rep10@sample.example,S00273,2026-05-01T10:05:00,search,Sample Account 28,Account 360
rep10@sample.example,S00273,2026-05-01T10:06:00,search,Sample Account 28,Account 360
rep10@sample.example,S00273,2026-05-01T10:07:00,search,Sample Account 28,Account 360
rep11@sample.example,S00274,2025-08-27T08:00:00,search,Sample Account 20,Account 360
rep11@sample.example,S00274,2025-08-27T08:01:00,search,Sample Account 20,Account 360
rep11@sample.example,S00274,2025-08-27T08:02:00,search,Sample Account 20,Account 360
rep11@sample.example,S00274,2025-08-27T08:03:00,search,Sample Account 20,Account 360
rep12@sample.example,S00275,2025-08-20T07:00:00,opportunity_view,Sample Account 12,Account 360
rep12@sample.example,S00275,2025-08-20T07:01:00,account_view,Sample Account 12,Account 360
rep12@sample.example,S00275,2025-08-20T07:02:00,search,Sample Account 12,Account 360
rep12@sample.example,S00275,2025-08-20T07:03:00,activity_view,Sample Account 12,Account 360
rep12@sample.example,S00275,2025-08-20T07:04:00,activity_view,Sample Account 12,Account 360
rep12@sample.example,S00275,2025-08-20T07:05:00,search,Sample Account 12,Account 360
rep12@sample.example,S00275,2025-08-20T07:06:00,account_view,Sample Account 12,Account 360
rep12@sample.example,S00275,2025-08-20T07:07:00,search,Sample Account 12,Account 360
rep01@sample.example,S00276,2025-09-18T01:00:00,search,Sample Account 1,Account 360
rep01@sample.example,S00276,2025-09-18T01:01:00,search,Sample Account 1,Account 360
rep02@sample.example,S00277,2026-02-22T04:00:00,metric_view,Sample Account 5,Account 360
rep02@sample.example,S00277,2026-02-22T04:01:00,search,Sample Account 5,Account 360
rep02@sample.example,S00277,2026-02-22T04:02:00,search,Sample Account 5,Account 360
rep02@sample.example,S00277,2026-02-22T04:03:00,account_view,Sample Account 5,Account 360
rep02@sample.example,S00277,2026-02-22T04:04:00,activity_view,Sample Account 5,Account 360
rep03@sample.example,S00278,2026-02-25T07:00:00,activity_view,Sample Account 9,Account 360
rep04@sample.example,S00279,2026-05-02T19:00:00,search,Sample Account 10,Account 360
rep04@sample.example,S00279,2026-05-02T19:01:00,search,Sample Account 10,Account 360
rep04@sample.example,S00279,2026-05-02T19:02:00,opportunity_view,Sample Account 10,Account 360
rep04@sample.example,S00279,2026-05-02T19:03:00,search,Sample Account 10,Account 360
rep05@sample.example,S00280,2025-11-04T03:00:00,search,Sample Account 14,Account 360
rep05@sample.example,S00280,2025-11-04T03:01:00,search,Sample Account 14,Account 360
rep05@sample.example,S00280,2025-11-04T03:02:00,search,Sample Account 14,Account 360
rep05@sample.example,S00280,2025-11-04T03:03:00,search,Sample Account 14,Account 360
rep06@sample.example,S00281,2026-01-02T16:00:00,opportunity_view,Sample Account 18,Account 360
rep06@sample.example,S00281,2026-01-02T16:01:00,metric_view,Sample Account 18,Account 360
rep06@sample.example,S00281,2026-01-02T16:02:00,account_view,Sample Account 18,Account 360
rep06@sample.example,S00281,2026-01-02T16:03:00,account_view,Sample Account 18,Account 360
rep06@sample.example,S00281,2026-01-02T16:04:00,search,Sample Account 18,Account 360
rep06@sample.example,S00281,2026-01-02T16:05:00,metric_view,Sample Account 18,Account 360
rep06@sample.example,S00281,2026-01-02T16:06:00,search,Sample Account 18,Account 360
rep06@sample.example,S00281,2026-01-02T16:07:00,metric_view,Sample Account 18,Account 360
rep07@sample.example,S00282,2025-08-14T11:00:00,search,Sample Account 19,Account 360
rep07@sample.example,S00282,2025-08-14T11:01:00,search,Sample Account 19,Account 360
rep07@sample.example,S00282,2025-08-14T11:02:00,account_view,Sample Account 19,Account 360
rep07@sample.example,S00282,2025-08-14T11:03:00,search,Sample Account 19,Account 360
rep07@sample.example,S00282,2025-08-14T11:04:00,search,Sample Account 19,Account 360
rep08@sample.example,S00283,2026-04-19T22:00:00,metric_view,Sample Account 23,Account 360
rep08@sample.example,S00283,2026-04-19T22:01:00,metric_view,Sample Account 23,Account 360
rep08@sample.example,S00283,2026-04-19T22:02:00,metric_view,Sample Account 23,Account 360
rep08@sample.example,S00283,2026-04-19T22:03:00,metric_view,Sample Account 23,Account 360
rep09@sample.example,S00284,2025-12-19T19:00:00,opportunity_view,Sample Account 27,Account 360
rep09@sample.example,S00284,2025-12-19T19:01:00,account_view,Sample Account 27,Account 360
rep09@sample.example,S00284,2025-12-19T19:02:00,activity_view,Sample Account 27,Account 360
rep09@sample.example,S00284,2025-12-19T19:03:00,activity_view,Sample Account 27,Account 360
rep09@sample.example,S00284,2025-12-19T19:04:00,metric_view,Sample Account 27,Account 360
rep09@sample.example,S00284,2025-12-19T19:05:00,activity_view,Sample Account 27,Account 360
rep09@sample.example,S00284,2025-12-19T19:06:00,search,Sample Account 27,Account 360
rep10@sample.example,S00285,2026-05-27T06:00:00,search,Sample Account 28,Account 360
rep10@sample.example,S00285,2026-05-27T06:01:00,search,Sample Account 28,Account 360
rep11@sample.example,S00286,2025-09-11T14:00:00,search,Sample Account 4,Account 360
rep11@sample.example,S00286,2025-09-11T14:01:00,metric_view,Sample Account 4,Account 360
rep11@sample.example,S00286,2025-09-11T14:02:00,account_view,Sample Account 4,Account 360
rep12@sample.example,S00287,2026-04-08T17:00:00,account_view,Sample Account 4,Account 360
rep01@sample.example,S00288,2026-04-21T03:00:00,search,Sample Account 1,Account 360
rep01@sample.example,S00288,2026-04-21T03:01:00,search,Sample Account 1,Account 360
rep01@sample.example,S00288,2026-04-21T03:02:00,account_view,Sample Account 1,Account 360
rep01@sample.example,S00288,2026-04-21T03:03:00,activity_view,Sample Account 1,Account 360
rep02@sample.example,S00289,2026-03-26T17:00:00,search,Sample Account 5,Account 360
rep02@sample.example,S00289,2026-03-26T17:01:00,opportunity_view,Sample Account 5,Account 360
rep02@sample.example,S00289,2026-03-26T17:02:00,opportunity_view,Sample Account 5,Account 360
rep03@sample.example,S00290,2026-03-07T02:00:00,opportunity_view,Sample Account 9,Account 360
rep04@sample.example,S00291,2025-11-15T09:00:00,search,Sample Account 10,Account 360
rep05@sample.example,S00292,2026-03-02T20:00:00,activity_view,Sample Account 14,Account 360
rep06@sample.example,S00293,2026-04-16T20:00:00,opportunity_view,Sample Account 18,Account 360
rep06@sample.example,S00293,2026-04-16T20:01:00,activity_view,Sample Account 18,Account 360
rep07@sample.example,S00294,2026-01-02T10:00:00,search,Sample Account 19,Account 360
rep07@sample.example,S00294,2026-01-02T10:01:00,activity_view,Sample Account 19,Account 360
rep08@sample.example,S00295,2026-02-28T06:00:00,account_view,Sample Account 23,Account 360
rep08@sample.example,S00295,2026-02-28T06:01:00,search,Sample Account 23,Account 360
rep08@sample.example,S00295,2026-02-28T06:02:00,metric_view,Sample Account 23,Account 360
rep08@sample.example,S00295,2026-02-28T06:03:00,search,Sample Account 23,Account 360
rep09@sample.example,S00296,2025-10-18T17:00:00,opportunity_view,Sample Account 27,Account 360
rep09@sample.example,S00296,2025-10-18T17:01:00,activity_view,Sample Account 27,Account 360
rep09@sample.example,S00296,2025-10-18T17:02:00,account_view,Sample Account 27,Account 360
rep09@sample.example,S00296,2025-10-18T17:03:00,activity_view,Sample Account 27,Account 360
rep09@sample.example,S00296,2025-10-18T17:04:00,activity_view,Sample Account 27,Account 360
rep09@sample.example,S00296,2025-10-18T17:05:00,activity_view,Sample Account 27,Account 360
rep09@sample.example,S00296,2025-10-18T17:06:00,account_view,Sample Account 27,Account 360
rep09@sample.example,S00296,2025-10-18T17:07:00,metric_view,Sample Account 27,Account 360
rep10@sample.example,S00297,2025-11-04T03:00:00,search,Sample Account 28,Account 360
rep10@sample.example,S00297,2025-11-04T03:01:00,search,Sample Account 28,Account 360
rep10@sample.example,S00297,2025-11-04T03:02:00,search,Sample Account 28,Account 360
rep10@sample.example,S00297,2025-11-04T03:03:00,search,Sample Account 28,Account 360
rep10@sample.example,S00297,2025-11-04T03:04:00,search,Sample Account 28,Account 360
rep10@sample.example,S00297,2025-11-04T03:05:00,search,Sample Account 28,Account 360
rep10@sample.example,S00297,2025-11-04T03:06:00,search,Sample Account 28,Account 360
rep10@sample.example,S00297,2025-11-04T03:07:00,search,Sample Account 28,Account 360
rep11@sample.example,S00298,2026-03-12T01:00:00,search,Sample Account 2,Account 360
rep11@sample.example,S00298,2026-03-12T01:01:00,activity_view,Sample Account 2,Account 360
rep11@sample.example,S00298,2026-03-12T01:02:00,activity_view,Sample Account 2,Account 360
rep11@sample.example,S00298,2026-03-12T01:03:00,opportunity_view,Sample Account 2,Account 360
rep11@sample.example,S00298,2026-03-12T01:04:00,search,Sample Account 2,Account 360
rep11@sample.example,S00298,2026-03-12T01:05:00,activity_view,Sample Account 2,Account 360
rep12@sample.example,S00299,2025-07-06T05:00:00,activity_view,Sample Account 38,Account 360
rep12@sample.example,S00299,2025-07-06T05:01:00,metric_view,Sample Account 38,Account 360
rep12@sample.example,S00299,2025-07-06T05:02:00,activity_view,Sample Account 38,Account 360
rep12@sample.example,S00299,2025-07-06T05:03:00,activity_view,Sample Account 38,Account 360
rep01@sample.example,S00300,2026-06-07T13:00:00,search,Sample Account 1,Account 360
rep01@sample.example,S00300,2026-06-07T13:01:00,search,Sample Account 1,Account 360
rep01@sample.example,S00300,2026-06-07T13:02:00,search,Sample Account 1,Account 360
rep02@sample.example,S00301,2026-01-08T16:00:00,metric_view,Sample Account 5,Account 360
rep03@sample.example,S00302,2026-05-27T15:00:00,activity_view,Sample Account 9,Account 360
rep03@sample.example,S00302,2026-05-27T15:01:00,metric_view,Sample Account 9,Account 360
rep03@sample.example,S00302,2026-05-27T15:02:00,search,Sample Account 9,Account 360
rep03@sample.example,S00302,2026-05-27T15:03:00,search,Sample Account 9,Account 360
rep03@sample.example,S00302,2026-05-27T15:04:00,account_view,Sample Account 9,Account 360
rep03@sample.example,S00302,2026-05-27T15:05:00,activity_view,Sample Account 9,Account 360
rep03@sample.example,S00302,2026-05-27T15:06:00,activity_view,Sample Account 9,Account 360
rep03@sample.example,S00302,2026-05-27T15:07:00,metric_view,Sample Account 9,Account 360
rep04@sample.example,S00303,2026-01-27T17:00:00,search,Sample Account 10,Account 360
rep04@sample.example,S00303,2026-01-27T17:01:00,metric_view,Sample Account 10,Account 360
rep04@sample.example,S00303,2026-01-27T17:02:00,search,Sample Account 10,Account 360
rep04@sample.example,S00303,2026-01-27T17:03:00,search,Sample Account 10,Account 360
rep04@sample.example,S00303,2026-01-27T17:04:00,search,Sample Account 10,Account 360
rep04@sample.example,S00303,2026-01-27T17:05:00,search,Sample Account 10,Account 360
rep04@sample.example,S00303,2026-01-27T17:06:00,search,Sample Account 10,Account 360
rep05@sample.example,S00304,2025-09-08T23:00:00,search,Sample Account 14,Account 360
rep05@sample.example,S00304,2025-09-08T23:01:00,search,Sample Account 14,Account 360
rep05@sample.example,S00304,2025-09-08T23:02:00,search,Sample Account 14,Account 360
rep05@sample.example,S00304,2025-09-08T23:03:00,activity_view,Sample Account 14,Account 360
rep05@sample.example,S00304,2025-09-08T23:04:00,metric_view,Sample Account 14,Account 360
rep05@sample.example,S00304,2025-09-08T23:05:00,search,Sample Account 14,Account 360
rep06@sample.example,S00305,2025-11-18T11:00:00,account_view,Sample Account 18,Account 360
rep06@sample.example,S00305,2025-11-18T11:01:00,search,Sample Account 18,Account 360
rep06@sample.example,S00305,2025-11-18T11:02:00,account_view,Sample Account 18,Account 360
rep06@sample.example,S00305,2025-11-18T11:03:00,metric_view,Sample Account 18,Account 360
rep07@sample.example,S00306,2025-06-15T06:00:00,account_view,Sample Account 19,Account 360
rep07@sample.example,S00306,2025-06-15T06:01:00,search,Sample Account 19,Account 360
rep07@sample.example,S00306,2025-06-15T06:02:00,search,Sample Account 19,Account 360
rep07@sample.example,S00306,2025-06-15T06:03:00,search,Sample Account 19,Account 360
rep07@sample.example,S00306,2025-06-15T06:04:00,search,Sample Account 19,Account 360
rep07@sample.example,S00306,2025-06-15T06:05:00,search,Sample Account 19,Account 360
rep07@sample.example,S00306,2025-06-15T06:06:00,search,Sample Account 19,Account 360
rep07@sample.example,S00306,2025-06-15T06:07:00,search,Sample Account 19,Account 360
rep08@sample.example,S00307,2025-10-28T02:00:00,search,Sample Account 23,Account 360
rep08@sample.example,S00307,2025-10-28T02:01:00,metric_view,Sample Account 23,Account 360
rep08@sample.example,S00307,2025-10-28T02:02:00,search,Sample Account 23,Account 360
rep08@sample.example,S00307,2025-10-28T02:03:00,search,Sample Account 23,Account 360
rep08@sample.example,S00307,2025-10-28T02:04:00,opportunity_view,Sample Account 23,Account 360
rep08@sample.example,S00307,2025-10-28T02:05:00,search,Sample Account 23,Account 360
rep08@sample.example,S00307,2025-10-28T02:06:00,metric_view,Sample Account 23,Account 360
rep08@sample.example,S00307,2025-10-28T02:07:00,search,Sample Account 23,Account 360
rep09@sample.example,S00308,2026-03-22T08:00:00,opportunity_view,Sample Account 27,Account 360
rep09@sample.example,S00308,2026-03-22T08:01:00,metric_view,Sample Account 27,Account 360
rep09@sample.example,S00308,2026-03-22T08:02:00,metric_view,Sample Account 27,Account 360
rep10@sample.example,S00309,2025-11-02T14:00:00,search,Sample Account 28,Account 360
rep10@sample.example,S00309,2025-11-02T14:01:00,search,Sample Account 28,Account 360
rep10@sample.example,S00309,2025-11-02T14:02:00,search,Sample Account 28,Account 360
rep10@sample.example,S00309,2025-11-02T14:03:00,account_view,Sample Account 28,Account 360
rep10@sample.example,S00309,2025-11-02T14:04:00,search,Sample Account 28,Account 360
rep10@sample.example,S00309,2025-11-02T14:05:00,search,Sample Account 28,Account 360
rep10@sample.example,S00309,2025-11-02T14:06:00,search,Sample Account 28,Account 360
rep10@sample.example,S00309,2025-11-02T14:07:00,metric_view,Sample Account 28,Account 360
rep11@sample.example,S00310,2026-01-28T00:00:00,search,Sample Account 3,Account 360
rep11@sample.example,S00310,2026-01-28T00:01:00,search,Sample Account 3,Account 360
rep11@sample.example,S00310,2026-01-28T00:02:00,account_view,Sample Account 3,Account 360
rep11@sample.example,S00310,2026-01-28T00:03:00,opportunity_view,Sample Account 3,Account 360
rep11@sample.example,S00310,2026-01-28T00:04:00,search,Sample Account 3,Account 360
rep11@sample.example,S00310,2026-01-28T00:05:00,opportunity_view,Sample Account 3,Account 360
rep11@sample.example,S00310,2026-01-28T00:06:00,search,Sample Account 3,Account 360
rep11@sample.example,S00310,2026-01-28T00:07:00,activity_view,Sample Account 3,Account 360
rep12@sample.example,S00311,2025-10-29T21:00:00,metric_view,Sample Account 19,Account 360
rep01@sample.example,S00312,2025-06-03T09:00:00,search,Sample Account 1,Account 360
rep01@sample.example,S00312,2025-06-03T09:01:00,search,Sample Account 1,Account 360
rep01@sample.example,S00312,2025-06-03T09:02:00,metric_view,Sample Account 1,Account 360
rep01@sample.example,S00312,2025-06-03T09:03:00,search,Sample Account 1,Account 360
rep02@sample.example,S00313,2025-09-26T16:00:00,opportunity_view,Sample Account 5,Account 360
rep02@sample.example,S00313,2025-09-26T16:01:00,search,Sample Account 5,Account 360
rep02@sample.example,S00313,2025-09-26T16:02:00,opportunity_view,Sample Account 5,Account 360
rep02@sample.example,S00313,2025-09-26T16:03:00,activity_view,Sample Account 5,Account 360
rep02@sample.example,S00313,2025-09-26T16:04:00,search,Sample Account 5,Account 360
rep03@sample.example,S00314,2026-05-08T15:00:00,activity_view,Sample Account 9,Account 360
rep03@sample.example,S00314,2026-05-08T15:01:00,metric_view,Sample Account 9,Account 360
rep03@sample.example,S00314,2026-05-08T15:02:00,opportunity_view,Sample Account 9,Account 360
rep03@sample.example,S00314,2026-05-08T15:03:00,metric_view,Sample Account 9,Account 360
rep04@sample.example,S00315,2025-12-23T12:00:00,account_view,Sample Account 10,Account 360
rep04@sample.example,S00315,2025-12-23T12:01:00,search,Sample Account 10,Account 360
rep04@sample.example,S00315,2025-12-23T12:02:00,search,Sample Account 10,Account 360
rep04@sample.example,S00315,2025-12-23T12:03:00,search,Sample Account 10,Account 360
rep04@sample.example,S00315,2025-12-23T12:04:00,search,Sample Account 10,Account 360
rep04@sample.example,S00315,2025-12-23T12:05:00,search,Sample Account 10,Account 360
rep04@sample.example,S00315,2025-12-23T12:06:00,search,Sample Account 10,Account 360
rep05@sample.example,S00316,2026-02-09T11:00:00,opportunity_view,Sample Account 14,Account 360
rep05@sample.example,S00316,2026-02-09T11:01:00,search,Sample Account 14,Account 360
rep05@sample.example,S00316,2026-02-09T11:02:00,search,Sample Account 14,Account 360
rep05@sample.example,S00316,2026-02-09T11:03:00,search,Sample Account 14,Account 360
rep05@sample.example,S00316,2026-02-09T11:04:00,search,Sample Account 14,Account 360
rep05@sample.example,S00316,2026-02-09T11:05:00,opportunity_view,Sample Account 14,Account 360
rep05@sample.example,S00316,2026-02-09T11:06:00,search,Sample Account 14,Account 360
rep05@sample.example,S00316,2026-02-09T11:07:00,activity_view,Sample Account 14,Account 360
rep06@sample.example,S00317,2026-05-18T10:00:00,metric_view,Sample Account 18,Account 360
rep06@sample.example,S00317,2026-05-18T10:01:00,account_view,Sample Account 18,Account 360
rep06@sample.example,S00317,2026-05-18T10:02:00,account_view,Sample Account 18,Account 360
rep06@sample.example,S00317,2026-05-18T10:03:00,opportunity_view,Sample Account 18,Account 360
rep06@sample.example,S00317,2026-05-18T10:04:00,account_view,Sample Account 18,Account 360
rep07@sample.example,S00318,2026-04-02T14:00:00,search,Sample Account 19,Account 360
rep07@sample.example,S00318,2026-04-02T14:01:00,search,Sample Account 19,Account 360
rep07@sample.example,S00318,2026-04-02T14:02:00,opportunity_view,Sample Account 19,Account 360
rep07@sample.example,S00318,2026-04-02T14:03:00,opportunity_view,Sample Account 19,Account 360
rep07@sample.example,S00318,2026-04-02T14:04:00,search,Sample Account 19,Account 360
rep07@sample.example,S00318,2026-04-02T14:05:00,search,Sample Account 19,Account 360
rep07@sample.example,S00318,2026-04-02T14:06:00,search,Sample Account 19,Account 360
rep08@sample.example,S00319,2026-06-07T01:00:00,search,Sample Account 23,Account 360
rep08@sample.example,S00319,2026-06-07T01:01:00,search,Sample Account 23,Account 360
rep08@sample.example,S00319,2026-06-07T01:02:00,search,Sample Account 23,Account 360
rep08@sample.example,S00319,2026-06-07T01:03:00,opportunity_view,Sample Account 23,Account 360
rep08@sample.example,S00319,2026-06-07T01:04:00,search,Sample Account 23,Account 360
rep08@sample.example,S00319,2026-06-07T01:05:00,metric_view,Sample Account 23,Account 360
rep09@sample.example,S00320,2026-01-14T22:00:00,search,Sample Account 27,Account 360
rep09@sample.example,S00320,2026-01-14T22:01:00,account_view,Sample Account 27,Account 360
rep09@sample.example,S00320,2026-01-14T22:02:00,search,Sample Account 27,Account 360
rep10@sample.example,S00321,2025-10-04T14:00:00,search,Sample Account 28,Account 360
rep10@sample.example,S00321,2025-10-04T14:01:00,search,Sample Account 28,Account 360
rep10@sample.example,S00321,2025-10-04T14:02:00,search,Sample Account 28,Account 360
rep10@sample.example,S00321,2025-10-04T14:03:00,search,Sample Account 28,Account 360
rep10@sample.example,S00321,2025-10-04T14:04:00,search,Sample Account 28,Account 360
rep11@sample.example,S00322,2025-10-16T17:00:00,search,Sample Account 9,Account 360
rep12@sample.example,S00323,2026-01-06T08:00:00,search,Sample Account 31,Account 360
rep12@sample.example,S00323,2026-01-06T08:01:00,metric_view,Sample Account 31,Account 360
rep12@sample.example,S00323,2026-01-06T08:02:00,account_view,Sample Account 31,Account 360
rep12@sample.example,S00323,2026-01-06T08:03:00,search,Sample Account 31,Account 360
rep12@sample.example,S00323,2026-01-06T08:04:00,metric_view,Sample Account 31,Account 360
rep01@sample.example,S00324,2026-02-17T08:00:00,search,Sample Account 1,Account 360
rep01@sample.example,S00324,2026-02-17T08:01:00,search,Sample Account 1,Account 360
rep01@sample.example,S00324,2026-02-17T08:02:00,search,Sample Account 1,Account 360
rep01@sample.example,S00324,2026-02-17T08:03:00,search,Sample Account 1,Account 360
rep01@sample.example,S00324,2026-02-17T08:04:00,metric_view,Sample Account 1,Account 360
rep02@sample.example,S00325,2025-12-02T15:00:00,search,Sample Account 5,Account 360
rep02@sample.example,S00325,2025-12-02T15:01:00,opportunity_view,Sample Account 5,Account 360
rep02@sample.example,S00325,2025-12-02T15:02:00,search,Sample Account 5,Account 360
rep02@sample.example,S00325,2025-12-02T15:03:00,account_view,Sample Account 5,Account 360
rep03@sample.example,S00326,2026-02-17T12:00:00,account_view,Sample Account 9,Account 360
rep03@sample.example,S00326,2026-02-17T12:01:00,activity_view,Sample Account 9,Account 360
rep03@sample.example,S00326,2026-02-17T12:02:00,metric_view,Sample Account 9,Account 360
rep03@sample.example,S00326,2026-02-17T12:03:00,account_view,Sample Account 9,Account 360
rep03@sample.example,S00326,2026-02-17T12:04:00,metric_view,Sample Account 9,Account 360
rep03@sample.example,S00326,2026-02-17T12:05:00,activity_view,Sample Account 9,Account 360
rep04@sample.example,S00327,2025-09-10T06:00:00,search,Sample Account 10,Account 360
rep04@sample.example,S00327,2025-09-10T06:01:00,opportunity_view,Sample Account 10,Account 360
rep04@sample.example,S00327,2025-09-10T06:02:00,search,Sample Account 10,Account 360
rep05@sample.example,S00328,2026-04-27T17:00:00,account_view,Sample Account 14,Account 360
rep06@sample.example,S00329,2025-08-28T18:00:00,opportunity_view,Sample Account 18,Account 360
rep06@sample.example,S00329,2025-08-28T18:01:00,activity_view,Sample Account 18,Account 360
rep06@sample.example,S00329,2025-08-28T18:02:00,metric_view,Sample Account 18,Account 360
rep06@sample.example,S00329,2025-08-28T18:03:00,account_view,Sample Account 18,Account 360
rep07@sample.example,S00330,2026-01-26T10:00:00,search,Sample Account 19,Account 360
rep07@sample.example,S00330,2026-01-26T10:01:00,search,Sample Account 19,Account 360
rep08@sample.example,S00331,2025-06-26T15:00:00,activity_view,Sample Account 23,Account 360
rep09@sample.example,S00332,2025-09-07T23:00:00,opportunity_view,Sample Account 27,Account 360
rep09@sample.example,S00332,2025-09-07T23:01:00,account_view,Sample Account 27,Account 360
rep10@sample.example,S00333,2025-08-16T20:00:00,search,Sample Account 28,Account 360
rep10@sample.example,S00333,2025-08-16T20:01:00,search,Sample Account 28,Account 360
rep10@sample.example,S00333,2025-08-16T20:02:00,search,Sample Account 28,Account 360
rep10@sample.example,S00333,2025-08-16T20:03:00,search,Sample Account 28,Account 360
rep11@sample.example,S00334,2025-09-23T18:00:00,activity_view,Sample Account 34,Account 360
rep11@sample.example,S00334,2025-09-23T18:01:00,activity_view,Sample Account 34,Account 360
rep12@sample.example,S00335,2026-05-13T18:00:00,activity_view,Sample Account 37,Account 360
rep12@sample.example,S00335,2026-05-13T18:01:00,account_view,Sample Account 37,Account 360
rep01@sample.example,S00336,2025-10-11T00:00:00,search,Sample Account 1,Account 360
rep01@sample.example,S00336,2025-10-11T00:01:00,search,Sample Account 1,Account 360
rep01@sample.example,S00336,2025-10-11T00:02:00,search,Sample Account 1,Account 360
rep01@sample.example,S00336,2025-10-11T00:03:00,search,Sample Account 1,Account 360
rep01@sample.example,S00336,2025-10-11T00:04:00,search,Sample Account 1,Account 360
rep01@sample.example,S00336,2025-10-11T00:05:00,search,Sample Account 1,Account 360
rep02@sample.example,S00337,2025-08-30T03:00:00,metric_view,Sample Account 5,Account 360
rep02@sample.example,S00337,2025-08-30T03:01:00,search,Sample Account 5,Account 360
rep02@sample.example,S00337,2025-08-30T03:02:00,account_view,Sample Account 5,Account 360
rep03@sample.example,S00338,2025-11-28T02:00:00,opportunity_view,Sample Account 9,Account 360
rep03@sample.example,S00338,2025-11-28T02:01:00,account_view,Sample Account 9,Account 360
rep03@sample.example,S00338,2025-11-28T02:02:00,opportunity_view,Sample Account 9,Account 360
rep03@sample.example,S00338,2025-11-28T02:03:00,metric_view,Sample Account 9,Account 360
rep03@sample.example,S00338,2025-11-28T02:04:00,account_view,Sample Account 9,Account 360
rep04@sample.example,S00339,2025-08-22T09:00:00,search,Sample Account 10,Account 360
rep04@sample.example,S00339,2025-08-22T09:01:00,search,Sample Account 10,Account 360
rep04@sample.example,S00339,2025-08-22T09:02:00,search,Sample Account 10,Account 360
rep04@sample.example,S00339,2025-08-22T09:03:00,search,Sample Account 10,Account 360
rep04@sample.example,S00339,2025-08-22T09:04:00,search,Sample Account 10,Account 360
rep04@sample.example,S00339,2025-08-22T09:05:00,search,Sample Account 10,Account 360
rep04@sample.example,S00339,2025-08-22T09:06:00,search,Sample Account 10,Account 360
rep05@sample.example,S00340,2025-11-07T20:00:00,search,Sample Account 14,Account 360
rep05@sample.example,S00340,2025-11-07T20:01:00,search,Sample Account 14,Account 360
rep05@sample.example,S00340,2025-11-07T20:02:00,activity_view,Sample Account 14,Account 360
rep05@sample.example,S00340,2025-11-07T20:03:00,account_view,Sample Account 14,Account 360
rep05@sample.example,S00340,2025-11-07T20:04:00,account_view,Sample Account 14,Account 360
rep05@sample.example,S00340,2025-11-07T20:05:00,metric_view,Sample Account 14,Account 360
rep05@sample.example,S00340,2025-11-07T20:06:00,activity_view,Sample Account 14,Account 360
rep05@sample.example,S00340,2025-11-07T20:07:00,activity_view,Sample Account 14,Account 360
rep06@sample.example,S00341,2025-06-21T14:00:00,opportunity_view,Sample Account 18,Account 360
rep06@sample.example,S00341,2025-06-21T14:01:00,metric_view,Sample Account 18,Account 360
rep06@sample.example,S00341,2025-06-21T14:02:00,metric_view,Sample Account 18,Account 360
rep06@sample.example,S00341,2025-06-21T14:03:00,account_view,Sample Account 18,Account 360
rep06@sample.example,S00341,2025-06-21T14:04:00,account_view,Sample Account 18,Account 360
rep07@sample.example,S00342,2026-01-11T01:00:00,search,Sample Account 19,Account 360
rep07@sample.example,S00342,2026-01-11T01:01:00,search,Sample Account 19,Account 360
rep07@sample.example,S00342,2026-01-11T01:02:00,activity_view,Sample Account 19,Account 360
rep07@sample.example,S00342,2026-01-11T01:03:00,search,Sample Account 19,Account 360
rep07@sample.example,S00342,2026-01-11T01:04:00,search,Sample Account 19,Account 360
rep08@sample.example,S00343,2026-04-25T17:00:00,search,Sample Account 23,Account 360
rep08@sample.example,S00343,2026-04-25T17:01:00,search,Sample Account 23,Account 360
rep08@sample.example,S00343,2026-04-25T17:02:00,search,Sample Account 23,Account 360
rep09@sample.example,S00344,2026-03-15T08:00:00,activity_view,Sample Account 27,Account 360
rep09@sample.example,S00344,2026-03-15T08:01:00,activity_view,Sample Account 27,Account 360
rep09@sample.example,S00344,2026-03-15T08:02:00,opportunity_view,Sample Account 27,Account 360
rep09@sample.example,S00344,2026-03-15T08:03:00,search,Sample Account 27,Account 360
rep09@sample.example,S00344,2026-03-15T08:04:00,opportunity_view,Sample Account 27,Account 360
rep10@sample.example,S00345,2025-08-25T19:00:00,search,Sample Account 28,Account 360
rep10@sample.example,S00345,2025-08-25T19:01:00,search,Sample Account 28,Account 360
rep10@sample.example,S00345,2025-08-25T19:02:00,search,Sample Account 28,Account 360
rep11@sample.example,S00346,2025-10-11T23:00:00,search,Sample Account 35,Account 360
rep11@sample.example,S00346,2025-10-11T23:01:00,account_view,Sample Account 35,Account 360
rep11@sample.example,S00346,2025-10-11T23:02:00,search,Sample Account 35,Account 360
rep11@sample.example,S00346,2025-10-11T23:03:00,metric_view,Sample Account 35,Account 360
rep11@sample.example,S00346,2025-10-11T23:04:00,search,Sample Account 35,Account 360
rep11@sample.example,S00346,2025-10-11T23:05:00,search,Sample Account 35,Account 360
rep12@sample.example,S00347,2025-08-17T02:00:00,account_view,Sample Account 24,Account 360
rep01@sample.example,S00348,2026-04-21T23:00:00,search,Sample Account 1,Account 360
rep01@sample.example,S00348,2026-04-21T23:01:00,search,Sample Account 1,Account 360
rep01@sample.example,S00348,2026-04-21T23:02:00,search,Sample Account 1,Account 360
rep01@sample.example,S00348,2026-04-21T23:03:00,search,Sample Account 1,Account 360
rep02@sample.example,S00349,2026-01-24T17:00:00,metric_view,Sample Account 5,Account 360
rep02@sample.example,S00349,2026-01-24T17:01:00,search,Sample Account 5,Account 360
rep02@sample.example,S00349,2026-01-24T17:02:00,metric_view,Sample Account 5,Account 360
rep03@sample.example,S00350,2026-03-18T21:00:00,metric_view,Sample Account 9,Account 360
rep03@sample.example,S00350,2026-03-18T21:01:00,metric_view,Sample Account 9,Account 360
rep03@sample.example,S00350,2026-03-18T21:02:00,activity_view,Sample Account 9,Account 360
rep03@sample.example,S00350,2026-03-18T21:03:00,activity_view,Sample Account 9,Account 360
rep04@sample.example,S00351,2026-04-22T05:00:00,search,Sample Account 10,Account 360
rep04@sample.example,S00351,2026-04-22T05:01:00,search,Sample Account 10,Account 360
rep04@sample.example,S00351,2026-04-22T05:02:00,search,Sample Account 10,Account 360
rep04@sample.example,S00351,2026-04-22T05:03:00,search,Sample Account 10,Account 360
rep04@sample.example,S00351,2026-04-22T05:04:00,search,Sample Account 10,Account 360
rep05@sample.example,S00352,2026-02-01T08:00:00,search,Sample Account 14,Account 360
rep05@sample.example,S00352,2026-02-01T08:01:00,search,Sample Account 14,Account 360
rep05@sample.example,S00352,2026-02-01T08:02:00,search,Sample Account 14,Account 360
rep05@sample.example,S00352,2026-02-01T08:03:00,activity_view,Sample Account 14,Account 360
rep05@sample.example,S00352,2026-02-01T08:04:00,search,Sample Account 14,Account 360
rep05@sample.example,S00352,2026-02-01T08:05:00,metric_view,Sample Account 14,Account 360
rep06@sample.example,S00353,2026-02-25T07:00:00,search,Sample Account 18,Account 360
rep06@sample.example,S00353,2026-02-25T07:01:00,metric_view,Sample Account 18,Account 360
rep06@sample.example,S00353,2026-02-25T07:02:00,account_view,Sample Account 18,Account 360
rep06@sample.example,S00353,2026-02-25T07:03:00,activity_view,Sample Account 18,Account 360
rep06@sample.example,S00353,2026-02-25T07:04:00,opportunity_view,Sample Account 18,Account 360
rep06@sample.example,S00353,2026-02-25T07:05:00,activity_view,Sample Account 18,Account 360
rep06@sample.example,S00353,2026-02-25T07:06:00,opportunity_view,Sample Account 18,Account 360
rep06@sample.example,S00353,2026-02-25T07:07:00,activity_view,Sample Account 18,Account 360
rep07@sample.example,S00354,2025-12-19T10:00:00,search,Sample Account 19,Account 360
rep07@sample.example,S00354,2025-12-19T10:01:00,search,Sample Account 19,Account 360
rep07@sample.example,S00354,2025-12-19T10:02:00,search,Sample Account 19,Account 360
rep07@sample.example,S00354,2025-12-19T10:03:00,opportunity_view,Sample Account 19,Account 360
rep07@sample.example,S00354,2025-12-19T10:04:00,search,Sample Account 19,Account 360
rep08@sample.example,S00355,2025-08-30T07:00:00,account_view,Sample Account 23,Account 360
rep08@sample.example,S00355,2025-08-30T07:01:00,search,Sample Account 23,Account 360
rep08@sample.example,S00355,2025-08-30T07:02:00,metric_view,Sample Account 23,Account 360
rep09@sample.example,S00356,2026-04-01T09:00:00,account_view,Sample Account 27,Account 360
rep09@sample.example,S00356,2026-04-01T09:01:00,account_view,Sample Account 27,Account 360
rep09@sample.example,S00356,2026-04-01T09:02:00,opportunity_view,Sample Account 27,Account 360
rep10@sample.example,S00357,2026-03-17T23:00:00,search,Sample Account 28,Account 360
rep10@sample.example,S00357,2026-03-17T23:01:00,metric_view,Sample Account 28,Account 360
rep11@sample.example,S00358,2026-03-02T04:00:00,search,Sample Account 31,Account 360
rep11@sample.example,S00358,2026-03-02T04:01:00,search,Sample Account 31,Account 360
rep11@sample.example,S00358,2026-03-02T04:02:00,activity_view,Sample Account 31,Account 360
rep11@sample.example,S00358,2026-03-02T04:03:00,activity_view,Sample Account 31,Account 360
rep12@sample.example,S00359,2025-07-21T04:00:00,search,Sample Account 14,Account 360
rep12@sample.example,S00359,2025-07-21T04:01:00,search,Sample Account 14,Account 360
rep12@sample.example,S00359,2025-07-21T04:02:00,metric_view,Sample Account 14,Account 360
rep12@sample.example,S00359,2025-07-21T04:03:00,activity_view,Sample Account 14,Account 360
rep12@sample.example,S00359,2025-07-21T04:04:00,search,Sample Account 14,Account 360
rep12@sample.example,S00359,2025-07-21T04:05:00,account_view,Sample Account 14,Account 360
rep12@sample.example,S00359,2025-07-21T04:06:00,opportunity_view,Sample Account 14,Account 360
rep01@sample.example,S00360,2025-09-04T12:00:00,search,Sample Account 1,Account 360
rep01@sample.example,S00360,2025-09-04T12:01:00,search,Sample Account 1,Account 360
rep01@sample.example,S00360,2025-09-04T12:02:00,search,Sample Account 1,Account 360
rep01@sample.example,S00360,2025-09-04T12:03:00,search,Sample Account 1,Account 360
rep01@sample.example,S00360,2025-09-04T12:04:00,search,Sample Account 1,Account 360
rep02@sample.example,S00361,2025-11-13T12:00:00,search,Sample Account 5,Account 360
rep02@sample.example,S00361,2025-11-13T12:01:00,search,Sample Account 5,Account 360
rep02@sample.example,S00361,2025-11-13T12:02:00,search,Sample Account 5,Account 360
rep02@sample.example,S00361,2025-11-13T12:03:00,account_view,Sample Account 5,Account 360
rep02@sample.example,S00361,2025-11-13T12:04:00,account_view,Sample Account 5,Account 360
rep02@sample.example,S00361,2025-11-13T12:05:00,opportunity_view,Sample Account 5,Account 360
rep03@sample.example,S00362,2026-03-15T11:00:00,activity_view,Sample Account 9,Account 360
rep03@sample.example,S00362,2026-03-15T11:01:00,metric_view,Sample Account 9,Account 360
rep03@sample.example,S00362,2026-03-15T11:02:00,opportunity_view,Sample Account 9,Account 360
rep03@sample.example,S00362,2026-03-15T11:03:00,search,Sample Account 9,Account 360
rep03@sample.example,S00362,2026-03-15T11:04:00,opportunity_view,Sample Account 9,Account 360
rep03@sample.example,S00362,2026-03-15T11:05:00,activity_view,Sample Account 9,Account 360
rep03@sample.example,S00362,2026-03-15T11:06:00,metric_view,Sample Account 9,Account 360
rep03@sample.example,S00362,2026-03-15T11:07:00,search,Sample Account 9,Account 360
rep04@sample.example,S00363,2026-02-05T22:00:00,search,Sample Account 10,Account 360
rep04@sample.example,S00363,2026-02-05T22:01:00,search,Sample Account 10,Account 360
rep05@sample.example,S00364,2026-01-27T06:00:00,search,Sample Account 14,Account 360
rep05@sample.example,S00364,2026-01-27T06:01:00,search,Sample Account 14,Account 360
rep05@sample.example,S00364,2026-01-27T06:02:00,search,Sample Account 14,Account 360
rep05@sample.example,S00364,2026-01-27T06:03:00,account_view,Sample Account 14,Account 360
rep05@sample.example,S00364,2026-01-27T06:04:00,metric_view,Sample Account 14,Account 360
rep06@sample.example,S00365,2025-08-08T16:00:00,search,Sample Account 18,Account 360
rep06@sample.example,S00365,2025-08-08T16:01:00,activity_view,Sample Account 18,Account 360
rep06@sample.example,S00365,2025-08-08T16:02:00,opportunity_view,Sample Account 18,Account 360
rep07@sample.example,S00366,2026-05-29T11:00:00,search,Sample Account 19,Account 360
rep07@sample.example,S00366,2026-05-29T11:01:00,search,Sample Account 19,Account 360
rep08@sample.example,S00367,2026-05-01T06:00:00,account_view,Sample Account 23,Account 360
rep08@sample.example,S00367,2026-05-01T06:01:00,activity_view,Sample Account 23,Account 360
rep08@sample.example,S00367,2026-05-01T06:02:00,search,Sample Account 23,Account 360
rep08@sample.example,S00367,2026-05-01T06:03:00,search,Sample Account 23,Account 360
rep09@sample.example,S00368,2026-03-17T19:00:00,activity_view,Sample Account 27,Account 360
rep09@sample.example,S00368,2026-03-17T19:01:00,metric_view,Sample Account 27,Account 360
rep09@sample.example,S00368,2026-03-17T19:02:00,account_view,Sample Account 27,Account 360
rep09@sample.example,S00368,2026-03-17T19:03:00,account_view,Sample Account 27,Account 360
rep09@sample.example,S00368,2026-03-17T19:04:00,account_view,Sample Account 27,Account 360
rep10@sample.example,S00369,2025-11-13T07:00:00,search,Sample Account 28,Account 360
rep10@sample.example,S00369,2025-11-13T07:01:00,search,Sample Account 28,Account 360
rep10@sample.example,S00369,2025-11-13T07:02:00,search,Sample Account 28,Account 360
rep10@sample.example,S00369,2025-11-13T07:03:00,search,Sample Account 28,Account 360
rep10@sample.example,S00369,2025-11-13T07:04:00,search,Sample Account 28,Account 360
rep10@sample.example,S00369,2025-11-13T07:05:00,search,Sample Account 28,Account 360
rep10@sample.example,S00369,2025-11-13T07:06:00,search,Sample Account 28,Account 360
rep10@sample.example,S00369,2025-11-13T07:07:00,search,Sample Account 28,Account 360
rep11@sample.example,S00370,2025-08-24T06:00:00,account_view,Sample Account 37,Account 360
rep11@sample.example,S00370,2025-08-24T06:01:00,account_view,Sample Account 37,Account 360
rep11@sample.example,S00370,2025-08-24T06:02:00,search,Sample Account 37,Account 360
rep12@sample.example,S00371,2026-03-08T06:00:00,metric_view,Sample Account 12,Account 360
rep12@sample.example,S00371,2026-03-08T06:01:00,metric_view,Sample Account 12,Account 360
rep12@sample.example,S00371,2026-03-08T06:02:00,search,Sample Account 12,Account 360
rep01@sample.example,S00372,2026-04-06T15:00:00,search,Sample Account 1,Account 360
rep02@sample.example,S00373,2025-12-31T10:00:00,activity_view,Sample Account 5,Account 360
rep02@sample.example,S00373,2025-12-31T10:01:00,search,Sample Account 5,Account 360
rep03@sample.example,S00374,2026-03-31T16:00:00,account_view,Sample Account 9,Account 360
rep03@sample.example,S00374,2026-03-31T16:01:00,metric_view,Sample Account 9,Account 360
rep04@sample.example,S00375,2025-08-17T17:00:00,search,Sample Account 10,Account 360
rep04@sample.example,S00375,2025-08-17T17:01:00,search,Sample Account 10,Account 360
rep04@sample.example,S00375,2025-08-17T17:02:00,search,Sample Account 10,Account 360
rep04@sample.example,S00375,2025-08-17T17:03:00,search,Sample Account 10,Account 360
rep04@sample.example,S00375,2025-08-17T17:04:00,search,Sample Account 10,Account 360
rep04@sample.example,S00375,2025-08-17T17:05:00,search,Sample Account 10,Account 360
rep04@sample.example,S00375,2025-08-17T17:06:00,search,Sample Account 10,Account 360
rep04@sample.example,S00375,2025-08-17T17:07:00,search,Sample Account 10,Account 360
rep05@sample.example,S00376,2026-05-03T02:00:00,opportunity_view,Sample Account 14,Account 360
rep05@sample.example,S00376,2026-05-03T02:01:00,metric_view,Sample Account 14,Account 360
rep05@sample.example,S00376,2026-05-03T02:02:00,search,Sample Account 14,Account 360
rep05@sample.example,S00376,2026-05-03T02:03:00,search,Sample Account 14,Account 360
rep05@sample.example,S00376,2026-05-03T02:04:00,search,Sample Account 14,Account 360
rep05@sample.example,S00376,2026-05-03T02:05:00,metric_view,Sample Account 14,Account 360
rep05@sample.example,S00376,2026-05-03T02:06:00,search,Sample Account 14,Account 360
rep06@sample.example,S00377,2025-10-17T18:00:00,metric_view,Sample Account 18,Account 360
rep06@sample.example,S00377,2025-10-17T18:01:00,activity_view,Sample Account 18,Account 360
rep06@sample.example,S00377,2025-10-17T18:02:00,opportunity_view,Sample Account 18,Account 360
rep06@sample.example,S00377,2025-10-17T18:03:00,activity_view,Sample Account 18,Account 360
rep06@sample.example,S00377,2025-10-17T18:04:00,opportunity_view,Sample Account 18,Account 360
rep06@sample.example,S00377,2025-10-17T18:05:00,activity_view,Sample Account 18,Account 360
rep06@sample.example,S00377,2025-10-17T18:06:00,activity_view,Sample Account 18,Account 360
rep07@sample.example,S00378,2026-03-28T11:00:00,search,Sample Account 19,Account 360
rep07@sample.example,S00378,2026-03-28T11:01:00,search,Sample Account 19,Account 360
rep07@sample.example,S00378,2026-03-28T11:02:00,search,Sample Account 19,Account 360
rep08@sample.example,S00379,2025-10-21T10:00:00,activity_view,Sample Account 23,Account 360
rep08@sample.example,S00379,2025-10-21T10:01:00,account_view,Sample Account 23,Account 360
rep09@sample.example,S00380,2025-06-04T13:00:00,metric_view,Sample Account 27,Account 360
rep09@sample.example,S00380,2025-06-04T13:01:00,metric_view,Sample Account 27,Account 360
rep09@sample.example,S00380,2025-06-04T13:02:00,metric_view,Sample Account 27,Account 360
rep09@sample.example,S00380,2025-06-04T13:03:00,activity_view,Sample Account 27,Account 360
rep09@sample.example,S00380,2025-06-04T13:04:00,metric_view,Sample Account 27,Account 360
rep09@sample.example,S00380,2025-06-04T13:05:00,metric_view,Sample Account 27,Account 360
rep09@sample.example,S00380,2025-06-04T13:06:00,search,Sample Account 27,Account 360
rep09@sample.example,S00380,2025-06-04T13:07:00,opportunity_view,Sample Account 27,Account 360
rep10@sample.example,S00381,2025-07-01T20:00:00,search,Sample Account 28,Account 360
rep10@sample.example,S00381,2025-07-01T20:01:00,search,Sample Account 28,Account 360
rep10@sample.example,S00381,2025-07-01T20:02:00,search,Sample Account 28,Account 360
rep10@sample.example,S00381,2025-07-01T20:03:00,search,Sample Account 28,Account 360
rep10@sample.example,S00381,2025-07-01T20:04:00,search,Sample Account 28,Account 360
rep10@sample.example,S00381,2025-07-01T20:05:00,search,Sample Account 28,Account 360
rep10@sample.example,S00381,2025-07-01T20:06:00,search,Sample Account 28,Account 360
rep11@sample.example,S00382,2026-01-03T05:00:00,metric_view,Sample Account 6,Account 360
rep11@sample.example,S00382,2026-01-03T05:01:00,search,Sample Account 6,Account 360
rep11@sample.example,S00382,2026-01-03T05:02:00,activity_view,Sample Account 6,Account 360
rep11@sample.example,S00382,2026-01-03T05:03:00,opportunity_view,Sample Account 6,Account 360
rep12@sample.example,S00383,2026-01-19T22:00:00,opportunity_view,Sample Account 7,Account 360
rep01@sample.example,S00384,2025-10-06T04:00:00,search,Sample Account 1,Account 360
rep01@sample.example,S00384,2025-10-06T04:01:00,search,Sample Account 1,Account 360
rep02@sample.example,S00385,2026-04-17T21:00:00,search,Sample Account 5,Account 360
rep02@sample.example,S00385,2026-04-17T21:01:00,activity_view,Sample Account 5,Account 360
rep03@sample.example,S00386,2026-04-30T20:00:00,account_view,Sample Account 9,Account 360
rep03@sample.example,S00386,2026-04-30T20:01:00,metric_view,Sample Account 9,Account 360
rep03@sample.example,S00386,2026-04-30T20:02:00,search,Sample Account 9,Account 360
rep03@sample.example,S00386,2026-04-30T20:03:00,metric_view,Sample Account 9,Account 360
rep03@sample.example,S00386,2026-04-30T20:04:00,account_view,Sample Account 9,Account 360
rep03@sample.example,S00386,2026-04-30T20:05:00,metric_view,Sample Account 9,Account 360
rep04@sample.example,S00387,2025-10-15T21:00:00,search,Sample Account 10,Account 360
rep04@sample.example,S00387,2025-10-15T21:01:00,search,Sample Account 10,Account 360
rep04@sample.example,S00387,2025-10-15T21:02:00,search,Sample Account 10,Account 360
rep04@sample.example,S00387,2025-10-15T21:03:00,search,Sample Account 10,Account 360
rep05@sample.example,S00388,2026-01-04T18:00:00,activity_view,Sample Account 14,Account 360
rep05@sample.example,S00388,2026-01-04T18:01:00,search,Sample Account 14,Account 360
rep05@sample.example,S00388,2026-01-04T18:02:00,search,Sample Account 14,Account 360
rep05@sample.example,S00388,2026-01-04T18:03:00,metric_view,Sample Account 14,Account 360
rep06@sample.example,S00389,2025-12-17T15:00:00,account_view,Sample Account 18,Account 360
rep06@sample.example,S00389,2025-12-17T15:01:00,activity_view,Sample Account 18,Account 360
rep06@sample.example,S00389,2025-12-17T15:02:00,opportunity_view,Sample Account 18,Account 360
rep06@sample.example,S00389,2025-12-17T15:03:00,metric_view,Sample Account 18,Account 360
rep06@sample.example,S00389,2025-12-17T15:04:00,activity_view,Sample Account 18,Account 360
rep06@sample.example,S00389,2025-12-17T15:05:00,account_view,Sample Account 18,Account 360
rep06@sample.example,S00389,2025-12-17T15:06:00,metric_view,Sample Account 18,Account 360
rep07@sample.example,S00390,2026-06-08T22:00:00,search,Sample Account 19,Account 360
rep07@sample.example,S00390,2026-06-08T22:01:00,search,Sample Account 19,Account 360
rep07@sample.example,S00390,2026-06-08T22:02:00,search,Sample Account 19,Account 360
rep07@sample.example,S00390,2026-06-08T22:03:00,account_view,Sample Account 19,Account 360
rep07@sample.example,S00390,2026-06-08T22:04:00,search,Sample Account 19,Account 360
rep08@sample.example,S00391,2026-05-02T11:00:00,account_view,Sample Account 23,Account 360
rep08@sample.example,S00391,2026-05-02T11:01:00,metric_view,Sample Account 23,Account 360
rep08@sample.example,S00391,2026-05-02T11:02:00,opportunity_view,Sample Account 23,Account 360
rep08@sample.example,S00391,2026-05-02T11:03:00,activity_view,Sample Account 23,Account 360
rep08@sample.example,S00391,2026-05-02T11:04:00,search,Sample Account 23,Account 360
rep08@sample.example,S00391,2026-05-02T11:05:00,search,Sample Account 23,Account 360
rep08@sample.example,S00391,2026-05-02T11:06:00,account_view,Sample Account 23,Account 360
rep09@sample.example,S00392,2026-03-30T22:00:00,account_view,Sample Account 27,Account 360
rep09@sample.example,S00392,2026-03-30T22:01:00,activity_view,Sample Account 27,Account 360
rep09@sample.example,S00392,2026-03-30T22:02:00,activity_view,Sample Account 27,Account 360
rep10@sample.example,S00393,2025-12-02T01:00:00,search,Sample Account 28,Account 360
rep10@sample.example,S00393,2025-12-02T01:01:00,search,Sample Account 28,Account 360
rep10@sample.example,S00393,2025-12-02T01:02:00,search,Sample Account 28,Account 360
rep10@sample.example,S00393,2025-12-02T01:03:00,search,Sample Account 28,Account 360
rep10@sample.example,S00393,2025-12-02T01:04:00,search,Sample Account 28,Account 360
rep10@sample.example,S00393,2025-12-02T01:05:00,search,Sample Account 28,Account 360
rep10@sample.example,S00393,2025-12-02T01:06:00,search,Sample Account 28,Account 360
rep11@sample.example,S00394,2026-05-25T13:00:00,search,Sample Account 38,Account 360
rep12@sample.example,S00395,2026-06-02T14:00:00,opportunity_view,Sample Account 40,Account 360
rep01@sample.example,S00396,2026-02-12T06:00:00,search,Sample Account 1,Account 360
rep02@sample.example,S00397,2025-09-21T09:00:00,activity_view,Sample Account 5,Account 360
rep02@sample.example,S00397,2025-09-21T09:01:00,metric_view,Sample Account 5,Account 360
rep02@sample.example,S00397,2025-09-21T09:02:00,search,Sample Account 5,Account 360
rep02@sample.example,S00397,2025-09-21T09:03:00,metric_view,Sample Account 5,Account 360
rep02@sample.example,S00397,2025-09-21T09:04:00,activity_view,Sample Account 5,Account 360
rep03@sample.example,S00398,2025-12-05T19:00:00,activity_view,Sample Account 9,Account 360
rep03@sample.example,S00398,2025-12-05T19:01:00,account_view,Sample Account 9,Account 360
rep04@sample.example,S00399,2026-05-27T08:00:00,activity_view,Sample Account 10,Account 360
rep04@sample.example,S00399,2026-05-27T08:01:00,search,Sample Account 10,Account 360
rep05@sample.example,S00400,2025-09-25T13:00:00,search,Sample Account 14,Account 360
rep05@sample.example,S00400,2025-09-25T13:01:00,activity_view,Sample Account 14,Account 360
rep06@sample.example,S00401,2025-08-24T17:00:00,account_view,Sample Account 18,Account 360
rep06@sample.example,S00401,2025-08-24T17:01:00,activity_view,Sample Account 18,Account 360
rep06@sample.example,S00401,2025-08-24T17:02:00,activity_view,Sample Account 18,Account 360
rep06@sample.example,S00401,2025-08-24T17:03:00,opportunity_view,Sample Account 18,Account 360
rep06@sample.example,S00401,2025-08-24T17:04:00,account_view,Sample Account 18,Account 360
rep06@sample.example,S00401,2025-08-24T17:05:00,search,Sample Account 18,Account 360
rep06@sample.example,S00401,2025-08-24T17:06:00,search,Sample Account 18,Account 360
rep06@sample.example,S00401,2025-08-24T17:07:00,opportunity_view,Sample Account 18,Account 360
rep07@sample.example,S00402,2025-11-14T20:00:00,search,Sample Account 19,Account 360
rep07@sample.example,S00402,2025-11-14T20:01:00,search,Sample Account 19,Account 360
rep07@sample.example,S00402,2025-11-14T20:02:00,search,Sample Account 19,Account 360
rep07@sample.example,S00402,2025-11-14T20:03:00,search,Sample Account 19,Account 360
rep08@sample.example,S00403,2025-12-19T01:00:00,search,Sample Account 23,Account 360
rep08@sample.example,S00403,2025-12-19T01:01:00,opportunity_view,Sample Account 23,Account 360
rep08@sample.example,S00403,2025-12-19T01:02:00,search,Sample Account 23,Account 360
rep08@sample.example,S00403,2025-12-19T01:03:00,search,Sample Account 23,Account 360
rep08@sample.example,S00403,2025-12-19T01:04:00,search,Sample Account 23,Account 360
rep09@sample.example,S00404,2025-11-09T18:00:00,account_view,Sample Account 27,Account 360
rep09@sample.example,S00404,2025-11-09T18:01:00,metric_view,Sample Account 27,Account 360
rep10@sample.example,S00405,2026-06-10T03:00:00,search,Sample Account 28,Account 360
rep10@sample.example,S00405,2026-06-10T03:01:00,search,Sample Account 28,Account 360
rep11@sample.example,S00406,2026-04-19T15:00:00,search,Sample Account 38,Account 360
rep11@sample.example,S00406,2026-04-19T15:01:00,search,Sample Account 38,Account 360
rep11@sample.example,S00406,2026-04-19T15:02:00,search,Sample Account 38,Account 360
rep12@sample.example,S00407,2026-05-25T11:00:00,opportunity_view,Sample Account 18,Account 360
rep12@sample.example,S00407,2026-05-25T11:01:00,opportunity_view,Sample Account 18,Account 360
rep12@sample.example,S00407,2026-05-25T11:02:00,account_view,Sample Account 18,Account 360
rep12@sample.example,S00407,2026-05-25T11:03:00,search,Sample Account 18,Account 360
rep12@sample.example,S00407,2026-05-25T11:04:00,search,Sample Account 18,Account 360
rep12@sample.example,S00407,2026-05-25T11:05:00,metric_view,Sample Account 18,Account 360
rep01@sample.example,S00408,2025-07-21T16:00:00,account_view,Sample Account 1,Account 360
rep02@sample.example,S00409,2026-05-16T10:00:00,activity_view,Sample Account 5,Account 360
rep02@sample.example,S00409,2026-05-16T10:01:00,search,Sample Account 5,Account 360
rep02@sample.example,S00409,2026-05-16T10:02:00,metric_view,Sample Account 5,Account 360
rep02@sample.example,S00409,2026-05-16T10:03:00,search,Sample Account 5,Account 360
rep02@sample.example,S00409,2026-05-16T10:04:00,account_view,Sample Account 5,Account 360
rep02@sample.example,S00409,2026-05-16T10:05:00,search,Sample Account 5,Account 360
rep02@sample.example,S00409,2026-05-16T10:06:00,activity_view,Sample Account 5,Account 360
rep02@sample.example,S00409,2026-05-16T10:07:00,opportunity_view,Sample Account 5,Account 360
rep03@sample.example,S00410,2025-09-11T09:00:00,account_view,Sample Account 9,Account 360
rep03@sample.example,S00410,2025-09-11T09:01:00,activity_view,Sample Account 9,Account 360
rep03@sample.example,S00410,2025-09-11T09:02:00,search,Sample Account 9,Account 360
rep03@sample.example,S00410,2025-09-11T09:03:00,opportunity_view,Sample Account 9,Account 360
rep03@sample.example,S00410,2025-09-11T09:04:00,activity_view,Sample Account 9,Account 360
rep03@sample.example,S00410,2025-09-11T09:05:00,opportunity_view,Sample Account 9,Account 360
rep03@sample.example,S00410,2025-09-11T09:06:00,account_view,Sample Account 9,Account 360
rep03@sample.example,S00410,2025-09-11T09:07:00,opportunity_view,Sample Account 9,Account 360
rep04@sample.example,S00411,2025-12-27T08:00:00,search,Sample Account 10,Account 360
rep04@sample.example,S00411,2025-12-27T08:01:00,search,Sample Account 10,Account 360
rep04@sample.example,S00411,2025-12-27T08:02:00,account_view,Sample Account 10,Account 360
rep05@sample.example,S00412,2025-07-06T21:00:00,search,Sample Account 14,Account 360
rep05@sample.example,S00412,2025-07-06T21:01:00,search,Sample Account 14,Account 360
rep05@sample.example,S00412,2025-07-06T21:02:00,search,Sample Account 14,Account 360
rep05@sample.example,S00412,2025-07-06T21:03:00,search,Sample Account 14,Account 360
rep05@sample.example,S00412,2025-07-06T21:04:00,search,Sample Account 14,Account 360
rep05@sample.example,S00412,2025-07-06T21:05:00,account_view,Sample Account 14,Account 360
rep05@sample.example,S00412,2025-07-06T21:06:00,search,Sample Account 14,Account 360
rep05@sample.example,S00412,2025-07-06T21:07:00,search,Sample Account 14,Account 360
rep06@sample.example,S00413,2025-09-25T00:00:00,account_view,Sample Account 18,Account 360
rep06@sample.example,S00413,2025-09-25T00:01:00,metric_view,Sample Account 18,Account 360
rep06@sample.example,S00413,2025-09-25T00:02:00,activity_view,Sample Account 18,Account 360
rep06@sample.example,S00413,2025-09-25T00:03:00,account_view,Sample Account 18,Account 360
rep06@sample.example,S00413,2025-09-25T00:04:00,opportunity_view,Sample Account 18,Account 360
rep06@sample.example,S00413,2025-09-25T00:05:00,activity_view,Sample Account 18,Account 360
rep07@sample.example,S00414,2025-06-08T16:00:00,search,Sample Account 19,Account 360
rep07@sample.example,S00414,2025-06-08T16:01:00,activity_view,Sample Account 19,Account 360
rep07@sample.example,S00414,2025-06-08T16:02:00,search,Sample Account 19,Account 360
rep07@sample.example,S00414,2025-06-08T16:03:00,account_view,Sample Account 19,Account 360
rep07@sample.example,S00414,2025-06-08T16:04:00,search,Sample Account 19,Account 360
rep07@sample.example,S00414,2025-06-08T16:05:00,search,Sample Account 19,Account 360
rep08@sample.example,S00415,2025-08-24T21:00:00,search,Sample Account 23,Account 360
rep08@sample.example,S00415,2025-08-24T21:01:00,account_view,Sample Account 23,Account 360
rep09@sample.example,S00416,2026-01-18T17:00:00,metric_view,Sample Account 27,Account 360
rep09@sample.example,S00416,2026-01-18T17:01:00,account_view,Sample Account 27,Account 360
rep09@sample.example,S00416,2026-01-18T17:02:00,activity_view,Sample Account 27,Account 360
rep09@sample.example,S00416,2026-01-18T17:03:00,metric_view,Sample Account 27,Account 360
rep10@sample.example,S00417,2026-01-18T09:00:00,search,Sample Account 28,Account 360
rep10@sample.example,S00417,2026-01-18T09:01:00,search,Sample Account 28,Account 360
rep10@sample.example,S00417,2026-01-18T09:02:00,search,Sample Account 28,Account 360
rep10@sample.example,S00417,2026-01-18T09:03:00,search,Sample Account 28,Account 360
rep10@sample.example,S00417,2026-01-18T09:04:00,search,Sample Account 28,Account 360
rep10@sample.example,S00417,2026-01-18T09:05:00,search,Sample Account 28,Account 360
rep10@sample.example,S00417,2026-01-18T09:06:00,search,Sample Account 28,Account 360
rep10@sample.example,S00417,2026-01-18T09:07:00,search,Sample Account 28,Account 360
rep11@sample.example,S00418,2025-08-31T00:00:00,search,Sample Account 39,Account 360
rep11@sample.example,S00418,2025-08-31T00:01:00,opportunity_view,Sample Account 39,Account 360
rep11@sample.example,S00418,2025-08-31T00:02:00,account_view,Sample Account 39,Account 360
rep11@sample.example,S00418,2025-08-31T00:03:00,search,Sample Account 39,Account 360
rep11@sample.example,S00418,2025-08-31T00:04:00,search,Sample Account 39,Account 360
rep12@sample.example,S00419,2025-09-16T17:00:00,activity_view,Sample Account 40,Account 360
rep12@sample.example,S00419,2025-09-16T17:01:00,metric_view,Sample Account 40,Account 360
rep01@sample.example,S00420,2026-05-15T10:00:00,activity_view,Sample Account 1,Account 360
rep01@sample.example,S00420,2026-05-15T10:01:00,search,Sample Account 1,Account 360
rep01@sample.example,S00420,2026-05-15T10:02:00,account_view,Sample Account 1,Account 360
rep01@sample.example,S00420,2026-05-15T10:03:00,search,Sample Account 1,Account 360
rep01@sample.example,S00420,2026-05-15T10:04:00,search,Sample Account 1,Account 360
rep02@sample.example,S00421,2025-12-24T12:00:00,search,Sample Account 5,Account 360
rep02@sample.example,S00421,2025-12-24T12:01:00,opportunity_view,Sample Account 5,Account 360
rep02@sample.example,S00421,2025-12-24T12:02:00,search,Sample Account 5,Account 360
rep02@sample.example,S00421,2025-12-24T12:03:00,search,Sample Account 5,Account 360
rep02@sample.example,S00421,2025-12-24T12:04:00,metric_view,Sample Account 5,Account 360
rep02@sample.example,S00421,2025-12-24T12:05:00,account_view,Sample Account 5,Account 360
rep02@sample.example,S00421,2025-12-24T12:06:00,opportunity_view,Sample Account 5,Account 360
rep02@sample.example,S00421,2025-12-24T12:07:00,account_view,Sample Account 5,Account 360
rep03@sample.example,S00422,2025-08-29T15:00:00,activity_view,Sample Account 9,Account 360
rep04@sample.example,S00423,2026-04-01T16:00:00,metric_view,Sample Account 10,Account 360
rep04@sample.example,S00423,2026-04-01T16:01:00,account_view,Sample Account 10,Account 360
rep04@sample.example,S00423,2026-04-01T16:02:00,search,Sample Account 10,Account 360
rep04@sample.example,S00423,2026-04-01T16:03:00,search,Sample Account 10,Account 360
rep04@sample.example,S00423,2026-04-01T16:04:00,search,Sample Account 10,Account 360
rep04@sample.example,S00423,2026-04-01T16:05:00,search,Sample Account 10,Account 360
rep04@sample.example,S00423,2026-04-01T16:06:00,search,Sample Account 10,Account 360
rep04@sample.example,S00423,2026-04-01T16:07:00,search,Sample Account 10,Account 360
rep05@sample.example,S00424,2025-08-26T00:00:00,search,Sample Account 14,Account 360
rep05@sample.example,S00424,2025-08-26T00:01:00,search,Sample Account 14,Account 360
rep05@sample.example,S00424,2025-08-26T00:02:00,search,Sample Account 14,Account 360
rep05@sample.example,S00424,2025-08-26T00:03:00,search,Sample Account 14,Account 360
rep05@sample.example,S00424,2025-08-26T00:04:00,account_view,Sample Account 14,Account 360
rep05@sample.example,S00424,2025-08-26T00:05:00,search,Sample Account 14,Account 360
rep05@sample.example,S00424,2025-08-26T00:06:00,opportunity_view,Sample Account 14,Account 360
rep06@sample.example,S00425,2025-06-01T22:00:00,search,Sample Account 18,Account 360
rep06@sample.example,S00425,2025-06-01T22:01:00,activity_view,Sample Account 18,Account 360
rep07@sample.example,S00426,2025-07-13T14:00:00,search,Sample Account 19,Account 360
rep07@sample.example,S00426,2025-07-13T14:01:00,metric_view,Sample Account 19,Account 360
rep07@sample.example,S00426,2025-07-13T14:02:00,search,Sample Account 19,Account 360
rep07@sample.example,S00426,2025-07-13T14:03:00,search,Sample Account 19,Account 360
rep07@sample.example,S00426,2025-07-13T14:04:00,search,Sample Account 19,Account 360
rep07@sample.example,S00426,2025-07-13T14:05:00,search,Sample Account 19,Account 360
rep07@sample.example,S00426,2025-07-13T14:06:00,search,Sample Account 19,Account 360
rep07@sample.example,S00426,2025-07-13T14:07:00,search,Sample Account 19,Account 360
rep08@sample.example,S00427,2025-06-20T12:00:00,activity_view,Sample Account 23,Account 360
rep08@sample.example,S00427,2025-06-20T12:01:00,metric_view,Sample Account 23,Account 360
rep08@sample.example,S00427,2025-06-20T12:02:00,opportunity_view,Sample Account 23,Account 360
rep09@sample.example,S00428,2026-05-30T11:00:00,account_view,Sample Account 27,Account 360
rep09@sample.example,S00428,2026-05-30T11:01:00,account_view,Sample Account 27,Account 360
rep09@sample.example,S00428,2026-05-30T11:02:00,opportunity_view,Sample Account 27,Account 360
rep09@sample.example,S00428,2026-05-30T11:03:00,opportunity_view,Sample Account 27,Account 360
rep09@sample.example,S00428,2026-05-30T11:04:00,opportunity_view,Sample Account 27,Account 360
rep09@sample.example,S00428,2026-05-30T11:05:00,activity_view,Sample Account 27,Account 360
rep09@sample.example,S00428,2026-05-30T11:06:00,search,Sample Account 27,Account 360
rep10@sample.example,S00429,2025-10-26T14:00:00,metric_view,Sample Account 28,Account 360
rep10@sample.example,S00429,2025-10-26T14:01:00,search,Sample Account 28,Account 360
rep10@sample.example,S00429,2025-10-26T14:02:00,search,Sample Account 28,Account 360
rep10@sample.example,S00429,2025-10-26T14:03:00,search,Sample Account 28,Account 360
rep10@sample.example,S00429,2025-10-26T14:04:00,search,Sample Account 28,Account 360
rep10@sample.example,S00429,2025-10-26T14:05:00,metric_view,Sample Account 28,Account 360
rep10@sample.example,S00429,2025-10-26T14:06:00,search,Sample Account 28,Account 360
rep10@sample.example,S00429,2025-10-26T14:07:00,search,Sample Account 28,Account 360
rep11@sample.example,S00430,2025-10-18T01:00:00,opportunity_view,Sample Account 3,Account 360
rep11@sample.example,S00430,2025-10-18T01:01:00,metric_view,Sample Account 3,Account 360
rep11@sample.example,S00430,2025-10-18T01:02:00,activity_view,Sample Account 3,Account 360
rep11@sample.example,S00430,2025-10-18T01:03:00,metric_view,Sample Account 3,Account 360
rep11@sample.example,S00430,2025-10-18T01:04:00,account_view,Sample Account 3,Account 360
rep11@sample.example,S00430,2025-10-18T01:05:00,activity_view,Sample Account 3,Account 360
rep11@sample.example,S00430,2025-10-18T01:06:00,search,Sample Account 3,Account 360
rep12@sample.example,S00431,2025-06-03T11:00:00,activity_view,Sample Account 17,Account 360
rep12@sample.example,S00431,2025-06-03T11:01:00,search,Sample Account 17,Account 360
rep12@sample.example,S00431,2025-06-03T11:02:00,opportunity_view,Sample Account 17,Account 360
rep12@sample.example,S00431,2025-06-03T11:03:00,search,Sample Account 17,Account 360
rep12@sample.example,S00431,2025-06-03T11:04:00,metric_view,Sample Account 17,Account 360
rep12@sample.example,S00431,2025-06-03T11:05:00,account_view,Sample Account 17,Account 360
rep12@sample.example,S00431,2025-06-03T11:06:00,metric_view,Sample Account 17,Account 360
rep01@sample.example,S00432,2026-03-12T10:00:00,search,Sample Account 1,Account 360
rep02@sample.example,S00433,2025-07-06T03:00:00,search,Sample Account 5,Account 360
rep02@sample.example,S00433,2025-07-06T03:01:00,opportunity_view,Sample Account 5,Account 360
rep02@sample.example,S00433,2025-07-06T03:02:00,activity_view,Sample Account 5,Account 360
rep02@sample.example,S00433,2025-07-06T03:03:00,search,Sample Account 5,Account 360
rep02@sample.example,S00433,2025-07-06T03:04:00,account_view,Sample Account 5,Account 360
rep02@sample.example,S00433,2025-07-06T03:05:00,activity_view,Sample Account 5,Account 360
rep02@sample.example,S00433,2025-07-06T03:06:00,activity_view,Sample Account 5,Account 360
rep02@sample.example,S00433,2025-07-06T03:07:00,account_view,Sample Account 5,Account 360
rep03@sample.example,S00434,2025-09-02T10:00:00,metric_view,Sample Account 9,Account 360
rep03@sample.example,S00434,2025-09-02T10:01:00,opportunity_view,Sample Account 9,Account 360
rep03@sample.example,S00434,2025-09-02T10:02:00,activity_view,Sample Account 9,Account 360
rep03@sample.example,S00434,2025-09-02T10:03:00,activity_view,Sample Account 9,Account 360
rep03@sample.example,S00434,2025-09-02T10:04:00,opportunity_view,Sample Account 9,Account 360
rep04@sample.example,S00435,2026-04-30T09:00:00,search,Sample Account 10,Account 360
rep04@sample.example,S00435,2026-04-30T09:01:00,search,Sample Account 10,Account 360
rep04@sample.example,S00435,2026-04-30T09:02:00,search,Sample Account 10,Account 360
rep05@sample.example,S00436,2025-10-26T10:00:00,account_view,Sample Account 14,Account 360
rep05@sample.example,S00436,2025-10-26T10:01:00,activity_view,Sample Account 14,Account 360
rep05@sample.example,S00436,2025-10-26T10:02:00,opportunity_view,Sample Account 14,Account 360
rep05@sample.example,S00436,2025-10-26T10:03:00,activity_view,Sample Account 14,Account 360
rep05@sample.example,S00436,2025-10-26T10:04:00,search,Sample Account 14,Account 360
rep05@sample.example,S00436,2025-10-26T10:05:00,search,Sample Account 14,Account 360
rep06@sample.example,S00437,2025-12-17T22:00:00,metric_view,Sample Account 18,Account 360
rep06@sample.example,S00437,2025-12-17T22:01:00,account_view,Sample Account 18,Account 360
rep06@sample.example,S00437,2025-12-17T22:02:00,search,Sample Account 18,Account 360
rep06@sample.example,S00437,2025-12-17T22:03:00,opportunity_view,Sample Account 18,Account 360
rep07@sample.example,S00438,2026-06-01T06:00:00,search,Sample Account 19,Account 360
rep07@sample.example,S00438,2026-06-01T06:01:00,search,Sample Account 19,Account 360
rep08@sample.example,S00439,2026-03-12T23:00:00,search,Sample Account 23,Account 360
rep08@sample.example,S00439,2026-03-12T23:01:00,search,Sample Account 23,Account 360
rep08@sample.example,S00439,2026-03-12T23:02:00,search,Sample Account 23,Account 360
rep08@sample.example,S00439,2026-03-12T23:03:00,activity_view,Sample Account 23,Account 360
rep08@sample.example,S00439,2026-03-12T23:04:00,search,Sample Account 23,Account 360
rep08@sample.example,S00439,2026-03-12T23:05:00,search,Sample Account 23,Account 360
rep08@sample.example,S00439,2026-03-12T23:06:00,activity_view,Sample Account 23,Account 360
rep08@sample.example,S00439,2026-03-12T23:07:00,search,Sample Account 23,Account 360
rep09@sample.example,S00440,2026-04-10T00:00:00,account_view,Sample Account 27,Account 360
rep09@sample.example,S00440,2026-04-10T00:01:00,account_view,Sample Account 27,Account 360
rep10@sample.example,S00441,2025-09-02T16:00:00,search,Sample Account 28,Account 360
rep10@sample.example,S00441,2025-09-02T16:01:00,search,Sample Account 28,Account 360
rep11@sample.example,S00442,2025-09-17T23:00:00,search,Sample Account 29,Account 360
rep11@sample.example,S00442,2025-09-17T23:01:00,search,Sample Account 29,Account 360
rep11@sample.example,S00442,2025-09-17T23:02:00,search,Sample Account 29,Account 360
rep11@sample.example,S00442,2025-09-17T23:03:00,search,Sample Account 29,Account 360
rep11@sample.example,S00442,2025-09-17T23:04:00,search,Sample Account 29,Account 360
rep12@sample.example,S00443,2025-10-15T08:00:00,opportunity_view,Sample Account 2,Account 360
rep12@sample.example,S00443,2025-10-15T08:01:00,metric_view,Sample Account 2,Account 360
rep12@sample.example,S00443,2025-10-15T08:02:00,opportunity_view,Sample Account 2,Account 360
rep12@sample.example,S00443,2025-10-15T08:03:00,activity_view,Sample Account 2,Account 360
rep12@sample.example,S00443,2025-10-15T08:04:00,opportunity_view,Sample Account 2,Account 360
rep12@sample.example,S00443,2025-10-15T08:05:00,opportunity_view,Sample Account 2,Account 360
rep01@sample.example,S00444,2025-06-11T19:00:00,activity_view,Sample Account 1,Account 360
rep01@sample.example,S00444,2025-06-11T19:01:00,search,Sample Account 1,Account 360
rep01@sample.example,S00444,2025-06-11T19:02:00,metric_view,Sample Account 1,Account 360
rep01@sample.example,S00444,2025-06-11T19:03:00,search,Sample Account 1,Account 360
rep01@sample.example,S00444,2025-06-11T19:04:00,search,Sample Account 1,Account 360
rep01@sample.example,S00444,2025-06-11T19:05:00,search,Sample Account 1,Account 360
rep01@sample.example,S00444,2025-06-11T19:06:00,search,Sample Account 1,Account 360
rep02@sample.example,S00445,2025-12-09T03:00:00,opportunity_view,Sample Account 5,Account 360
rep02@sample.example,S00445,2025-12-09T03:01:00,opportunity_view,Sample Account 5,Account 360
rep02@sample.example,S00445,2025-12-09T03:02:00,search,Sample Account 5,Account 360
rep02@sample.example,S00445,2025-12-09T03:03:00,account_view,Sample Account 5,Account 360
rep02@sample.example,S00445,2025-12-09T03:04:00,account_view,Sample Account 5,Account 360
rep03@sample.example,S00446,2025-12-29T23:00:00,opportunity_view,Sample Account 9,Account 360
rep03@sample.example,S00446,2025-12-29T23:01:00,account_view,Sample Account 9,Account 360
rep04@sample.example,S00447,2025-10-09T07:00:00,search,Sample Account 10,Account 360
rep04@sample.example,S00447,2025-10-09T07:01:00,search,Sample Account 10,Account 360
rep04@sample.example,S00447,2025-10-09T07:02:00,search,Sample Account 10,Account 360
rep05@sample.example,S00448,2025-06-01T17:00:00,search,Sample Account 14,Account 360
rep05@sample.example,S00448,2025-06-01T17:01:00,search,Sample Account 14,Account 360
rep05@sample.example,S00448,2025-06-01T17:02:00,search,Sample Account 14,Account 360
rep06@sample.example,S00449,2026-01-08T01:00:00,metric_view,Sample Account 18,Account 360
rep06@sample.example,S00449,2026-01-08T01:01:00,activity_view,Sample Account 18,Account 360
rep07@sample.example,S00450,2025-09-22T10:00:00,search,Sample Account 19,Account 360
rep07@sample.example,S00450,2025-09-22T10:01:00,search,Sample Account 19,Account 360
rep07@sample.example,S00450,2025-09-22T10:02:00,search,Sample Account 19,Account 360
rep07@sample.example,S00450,2025-09-22T10:03:00,search,Sample Account 19,Account 360
rep08@sample.example,S00451,2026-06-09T10:00:00,search,Sample Account 23,Account 360
rep08@sample.example,S00451,2026-06-09T10:01:00,search,Sample Account 23,Account 360
rep08@sample.example,S00451,2026-06-09T10:02:00,search,Sample Account 23,Account 360
rep08@sample.example,S00451,2026-06-09T10:03:00,search,Sample Account 23,Account 360
rep08@sample.example,S00451,2026-06-09T10:04:00,search,Sample Account 23,Account 360
rep09@sample.example,S00452,2025-11-09T02:00:00,activity_view,Sample Account 27,Account 360
rep09@sample.example,S00452,2025-11-09T02:01:00,account_view,Sample Account 27,Account 360
rep09@sample.example,S00452,2025-11-09T02:02:00,search,Sample Account 27,Account 360
rep09@sample.example,S00452,2025-11-09T02:03:00,activity_view,Sample Account 27,Account 360
rep09@sample.example,S00452,2025-11-09T02:04:00,activity_view,Sample Account 27,Account 360
rep10@sample.example,S00453,2026-04-18T16:00:00,search,Sample Account 28,Account 360
rep10@sample.example,S00453,2026-04-18T16:01:00,search,Sample Account 28,Account 360
rep10@sample.example,S00453,2026-04-18T16:02:00,search,Sample Account 28,Account 360
rep11@sample.example,S00454,2025-10-17T15:00:00,account_view,Sample Account 18,Account 360
rep12@sample.example,S00455,2026-05-24T09:00:00,activity_view,Sample Account 12,Account 360
rep12@sample.example,S00455,2026-05-24T09:01:00,opportunity_view,Sample Account 12,Account 360
rep12@sample.example,S00455,2026-05-24T09:02:00,activity_view,Sample Account 12,Account 360
rep01@sample.example,S00456,2026-05-25T09:00:00,search,Sample Account 1,Account 360
rep01@sample.example,S00456,2026-05-25T09:01:00,search,Sample Account 1,Account 360
rep01@sample.example,S00456,2026-05-25T09:02:00,search,Sample Account 1,Account 360
rep01@sample.example,S00456,2026-05-25T09:03:00,search,Sample Account 1,Account 360
rep02@sample.example,S00457,2025-12-01T19:00:00,metric_view,Sample Account 5,Account 360
rep02@sample.example,S00457,2025-12-01T19:01:00,search,Sample Account 5,Account 360
rep02@sample.example,S00457,2025-12-01T19:02:00,opportunity_view,Sample Account 5,Account 360
rep02@sample.example,S00457,2025-12-01T19:03:00,opportunity_view,Sample Account 5,Account 360
rep03@sample.example,S00458,2026-05-11T01:00:00,metric_view,Sample Account 9,Account 360
rep03@sample.example,S00458,2026-05-11T01:01:00,activity_view,Sample Account 9,Account 360
rep03@sample.example,S00458,2026-05-11T01:02:00,account_view,Sample Account 9,Account 360
rep03@sample.example,S00458,2026-05-11T01:03:00,opportunity_view,Sample Account 9,Account 360
rep03@sample.example,S00458,2026-05-11T01:04:00,activity_view,Sample Account 9,Account 360
rep03@sample.example,S00458,2026-05-11T01:05:00,search,Sample Account 9,Account 360
rep03@sample.example,S00458,2026-05-11T01:06:00,metric_view,Sample Account 9,Account 360
rep03@sample.example,S00458,2026-05-11T01:07:00,metric_view,Sample Account 9,Account 360
rep04@sample.example,S00459,2025-08-01T19:00:00,search,Sample Account 10,Account 360
rep05@sample.example,S00460,2026-04-25T08:00:00,metric_view,Sample Account 14,Account 360
rep05@sample.example,S00460,2026-04-25T08:01:00,account_view,Sample Account 14,Account 360
rep05@sample.example,S00460,2026-04-25T08:02:00,search,Sample Account 14,Account 360
rep06@sample.example,S00461,2025-09-29T23:00:00,opportunity_view,Sample Account 18,Account 360
rep06@sample.example,S00461,2025-09-29T23:01:00,search,Sample Account 18,Account 360
rep06@sample.example,S00461,2025-09-29T23:02:00,activity_view,Sample Account 18,Account 360
rep07@sample.example,S00462,2025-06-05T01:00:00,search,Sample Account 19,Account 360
rep07@sample.example,S00462,2025-06-05T01:01:00,search,Sample Account 19,Account 360
rep07@sample.example,S00462,2025-06-05T01:02:00,search,Sample Account 19,Account 360
rep07@sample.example,S00462,2025-06-05T01:03:00,search,Sample Account 19,Account 360
rep08@sample.example,S00463,2025-09-20T18:00:00,metric_view,Sample Account 23,Account 360
rep08@sample.example,S00463,2025-09-20T18:01:00,search,Sample Account 23,Account 360
rep08@sample.example,S00463,2025-09-20T18:02:00,activity_view,Sample Account 23,Account 360
rep08@sample.example,S00463,2025-09-20T18:03:00,search,Sample Account 23,Account 360
rep08@sample.example,S00463,2025-09-20T18:04:00,activity_view,Sample Account 23,Account 360
rep08@sample.example,S00463,2025-09-20T18:05:00,metric_view,Sample Account 23,Account 360
rep09@sample.example,S00464,2026-01-19T22:00:00,search,Sample Account 27,Account 360
rep10@sample.example,S00465,2025-11-10T08:00:00,search,Sample Account 28,Account 360
rep10@sample.example,S00465,2025-11-10T08:01:00,search,Sample Account 28,Account 360
rep10@sample.example,S00465,2025-11-10T08:02:00,search,Sample Account 28,Account 360
rep10@sample.example,S00465,2025-11-10T08:03:00,search,Sample Account 28,Account 360
rep10@sample.example,S00465,2025-11-10T08:04:00,search,Sample Account 28,Account 360
rep10@sample.example,S00465,2025-11-10T08:05:00,search,Sample Account 28,Account 360
rep10@sample.example,S00465,2025-11-10T08:06:00,search,Sample Account 28,Account 360
rep10@sample.example,S00465,2025-11-10T08:07:00,search,Sample Account 28,Account 360
rep11@sample.example,S00466,2025-09-29T16:00:00,search,Sample Account 31,Account 360
rep11@sample.example,S00466,2025-09-29T16:01:00,search,Sample Account 31,Account 360
rep11@sample.example,S00466,2025-09-29T16:02:00,search,Sample Account 31,Account 360
rep11@sample.example,S00466,2025-09-29T16:03:00,activity_view,Sample Account 31,Account 360
rep12@sample.example,S00467,2026-05-06T03:00:00,metric_view,Sample Account 28,Account 360
rep12@sample.example,S00467,2026-05-06T03:01:00,activity_view,Sample Account 28,Account 360
rep12@sample.example,S00467,2026-05-06T03:02:00,activity_view,Sample Account 28,Account 360
rep12@sample.example,S00467,2026-05-06T03:03:00,activity_view,Sample Account 28,Account 360
rep12@sample.example,S00467,2026-05-06T03:04:00,opportunity_view,Sample Account 28,Account 360
rep01@sample.example,S00468,2025-10-11T14:00:00,search,Sample Account 1,Account 360
rep01@sample.example,S00468,2025-10-11T14:01:00,search,Sample Account 1,Account 360
rep02@sample.example,S00469,2026-05-26T08:00:00,search,Sample Account 5,Account 360
rep03@sample.example,S00470,2025-12-06T03:00:00,activity_view,Sample Account 9,Account 360
rep04@sample.example,S00471,2025-08-11T21:00:00,opportunity_view,Sample Account 10,Account 360
rep04@sample.example,S00471,2025-08-11T21:01:00,search,Sample Account 10,Account 360
rep04@sample.example,S00471,2025-08-11T21:02:00,search,Sample Account 10,Account 360
rep04@sample.example,S00471,2025-08-11T21:03:00,search,Sample Account 10,Account 360
rep04@sample.example,S00471,2025-08-11T21:04:00,search,Sample Account 10,Account 360
rep04@sample.example,S00471,2025-08-11T21:05:00,search,Sample Account 10,Account 360
rep04@sample.example,S00471,2025-08-11T21:06:00,search,Sample Account 10,Account 360
rep04@sample.example,S00471,2025-08-11T21:07:00,search,Sample Account 10,Account 360
rep05@sample.example,S00472,2025-11-11T22:00:00,search,Sample Account 14,Account 360
rep05@sample.example,S00472,2025-11-11T22:01:00,search,Sample Account 14,Account 360
rep06@sample.example,S00473,2025-11-11T19:00:00,activity_view,Sample Account 18,Account 360
rep06@sample.example,S00473,2025-11-11T19:01:00,activity_view,Sample Account 18,Account 360
rep06@sample.example,S00473,2025-11-11T19:02:00,search,Sample Account 18,Account 360
rep06@sample.example,S00473,2025-11-11T19:03:00,opportunity_view,Sample Account 18,Account 360
rep06@sample.example,S00473,2025-11-11T19:04:00,activity_view,Sample Account 18,Account 360
rep06@sample.example,S00473,2025-11-11T19:05:00,account_view,Sample Account 18,Account 360
rep06@sample.example,S00473,2025-11-11T19:06:00,opportunity_view,Sample Account 18,Account 360
rep06@sample.example,S00473,2025-11-11T19:07:00,metric_view,Sample Account 18,Account 360
rep07@sample.example,S00474,2026-05-12T01:00:00,search,Sample Account 19,Account 360
rep07@sample.example,S00474,2026-05-12T01:01:00,search,Sample Account 19,Account 360
rep07@sample.example,S00474,2026-05-12T01:02:00,search,Sample Account 19,Account 360
rep07@sample.example,S00474,2026-05-12T01:03:00,search,Sample Account 19,Account 360
rep07@sample.example,S00474,2026-05-12T01:04:00,search,Sample Account 19,Account 360
rep07@sample.example,S00474,2026-05-12T01:05:00,search,Sample Account 19,Account 360
rep07@sample.example,S00474,2026-05-12T01:06:00,search,Sample Account 19,Account 360
rep08@sample.example,S00475,2026-04-26T05:00:00,opportunity_view,Sample Account 23,Account 360
rep08@sample.example,S00475,2026-04-26T05:01:00,account_view,Sample Account 23,Account 360
rep08@sample.example,S00475,2026-04-26T05:02:00,search,Sample Account 23,Account 360
rep08@sample.example,S00475,2026-04-26T05:03:00,account_view,Sample Account 23,Account 360
rep08@sample.example,S00475,2026-04-26T05:04:00,search,Sample Account 23,Account 360
rep08@sample.example,S00475,2026-04-26T05:05:00,metric_view,Sample Account 23,Account 360
rep08@sample.example,S00475,2026-04-26T05:06:00,search,Sample Account 23,Account 360
rep08@sample.example,S00475,2026-04-26T05:07:00,search,Sample Account 23,Account 360
rep09@sample.example,S00476,2026-01-10T18:00:00,opportunity_view,Sample Account 27,Account 360
rep09@sample.example,S00476,2026-01-10T18:01:00,opportunity_view,Sample Account 27,Account 360
rep09@sample.example,S00476,2026-01-10T18:02:00,activity_view,Sample Account 27,Account 360
rep10@sample.example,S00477,2026-05-28T03:00:00,account_view,Sample Account 28,Account 360
rep10@sample.example,S00477,2026-05-28T03:01:00,search,Sample Account 28,Account 360
rep10@sample.example,S00477,2026-05-28T03:02:00,opportunity_view,Sample Account 28,Account 360
rep10@sample.example,S00477,2026-05-28T03:03:00,search,Sample Account 28,Account 360
rep11@sample.example,S00478,2025-11-20T16:00:00,metric_view,Sample Account 36,Account 360
rep11@sample.example,S00478,2025-11-20T16:01:00,activity_view,Sample Account 36,Account 360
rep11@sample.example,S00478,2025-11-20T16:02:00,account_view,Sample Account 36,Account 360
rep11@sample.example,S00478,2025-11-20T16:03:00,activity_view,Sample Account 36,Account 360
rep11@sample.example,S00478,2025-11-20T16:04:00,activity_view,Sample Account 36,Account 360
rep12@sample.example,S00479,2026-03-06T00:00:00,metric_view,Sample Account 21,Account 360
rep12@sample.example,S00479,2026-03-06T00:01:00,opportunity_view,Sample Account 21,Account 360
rep12@sample.example,S00479,2026-03-06T00:02:00,account_view,Sample Account 21,Account 360
rep12@sample.example,S00479,2026-03-06T00:03:00,metric_view,Sample Account 21,Account 360
rep12@sample.example,S00479,2026-03-06T00:04:00,opportunity_view,Sample Account 21,Account 360
rep12@sample.example,S00479,2026-03-06T00:05:00,metric_view,Sample Account 21,Account 360
rep01@sample.example,S00480,2026-03-03T08:00:00,search,Sample Account 1,Account 360
rep02@sample.example,S00481,2026-05-22T11:00:00,search,Sample Account 5,Account 360
rep02@sample.example,S00481,2026-05-22T11:01:00,search,Sample Account 5,Account 360
rep02@sample.example,S00481,2026-05-22T11:02:00,search,Sample Account 5,Account 360
rep02@sample.example,S00481,2026-05-22T11:03:00,account_view,Sample Account 5,Account 360
rep02@sample.example,S00481,2026-05-22T11:04:00,metric_view,Sample Account 5,Account 360
rep02@sample.example,S00481,2026-05-22T11:05:00,search,Sample Account 5,Account 360
rep02@sample.example,S00481,2026-05-22T11:06:00,activity_view,Sample Account 5,Account 360
rep03@sample.example,S00482,2025-07-24T13:00:00,account_view,Sample Account 9,Account 360
rep03@sample.example,S00482,2025-07-24T13:01:00,opportunity_view,Sample Account 9,Account 360
rep03@sample.example,S00482,2025-07-24T13:02:00,opportunity_view,Sample Account 9,Account 360
rep03@sample.example,S00482,2025-07-24T13:03:00,search,Sample Account 9,Account 360
rep03@sample.example,S00482,2025-07-24T13:04:00,search,Sample Account 9,Account 360
rep03@sample.example,S00482,2025-07-24T13:05:00,account_view,Sample Account 9,Account 360
rep04@sample.example,S00483,2026-05-05T10:00:00,activity_view,Sample Account 10,Account 360
rep04@sample.example,S00483,2026-05-05T10:01:00,opportunity_view,Sample Account 10,Account 360
rep04@sample.example,S00483,2026-05-05T10:02:00,opportunity_view,Sample Account 10,Account 360
rep05@sample.example,S00484,2026-04-15T05:00:00,search,Sample Account 14,Account 360
rep06@sample.example,S00485,2025-10-05T10:00:00,opportunity_view,Sample Account 18,Account 360
rep06@sample.example,S00485,2025-10-05T10:01:00,activity_view,Sample Account 18,Account 360
rep06@sample.example,S00485,2025-10-05T10:02:00,activity_view,Sample Account 18,Account 360
rep07@sample.example,S00486,2026-03-08T14:00:00,search,Sample Account 19,Account 360
rep07@sample.example,S00486,2026-03-08T14:01:00,search,Sample Account 19,Account 360
rep07@sample.example,S00486,2026-03-08T14:02:00,search,Sample Account 19,Account 360
rep07@sample.example,S00486,2026-03-08T14:03:00,search,Sample Account 19,Account 360
rep07@sample.example,S00486,2026-03-08T14:04:00,search,Sample Account 19,Account 360
rep07@sample.example,S00486,2026-03-08T14:05:00,search,Sample Account 19,Account 360
rep07@sample.example,S00486,2026-03-08T14:06:00,search,Sample Account 19,Account 360
rep07@sample.example,S00486,2026-03-08T14:07:00,search,Sample Account 19,Account 360
rep08@sample.example,S00487,2025-11-17T00:00:00,metric_view,Sample Account 23,Account 360
rep08@sample.example,S00487,2025-11-17T00:01:00,opportunity_view,Sample Account 23,Account 360
rep09@sample.example,S00488,2026-06-11T00:00:00,activity_view,Sample Account 27,Account 360
rep09@sample.example,S00488,2026-06-11T00:01:00,search,Sample Account 27,Account 360
rep09@sample.example,S00488,2026-06-11T00:02:00,account_view,Sample Account 27,Account 360
rep09@sample.example,S00488,2026-06-11T00:03:00,metric_view,Sample Account 27,Account 360
rep09@sample.example,S00488,2026-06-11T00:04:00,activity_view,Sample Account 27,Account 360
rep09@sample.example,S00488,2026-06-11T00:05:00,account_view,Sample Account 27,Account 360
rep09@sample.example,S00488,2026-06-11T00:06:00,activity_view,Sample Account 27,Account 360
rep10@sample.example,S00489,2026-04-03T06:00:00,search,Sample Account 28,Account 360
rep10@sample.example,S00489,2026-04-03T06:01:00,search,Sample Account 28,Account 360
rep10@sample.example,S00489,2026-04-03T06:02:00,search,Sample Account 28,Account 360
rep10@sample.example,S00489,2026-04-03T06:03:00,search,Sample Account 28,Account 360
rep10@sample.example,S00489,2026-04-03T06:04:00,search,Sample Account 28,Account 360
rep10@sample.example,S00489,2026-04-03T06:05:00,search,Sample Account 28,Account 360
rep10@sample.example,S00489,2026-04-03T06:06:00,search,Sample Account 28,Account 360
rep10@sample.example,S00489,2026-04-03T06:07:00,search,Sample Account 28,Account 360
rep11@sample.example,S00490,2026-04-22T01:00:00,account_view,Sample Account 18,Account 360
rep11@sample.example,S00490,2026-04-22T01:01:00,search,Sample Account 18,Account 360
rep11@sample.example,S00490,2026-04-22T01:02:00,account_view,Sample Account 18,Account 360
rep12@sample.example,S00491,2025-07-17T16:00:00,opportunity_view,Sample Account 10,Account 360
rep12@sample.example,S00491,2025-07-17T16:01:00,search,Sample Account 10,Account 360
rep12@sample.example,S00491,2025-07-17T16:02:00,search,Sample Account 10,Account 360
rep12@sample.example,S00491,2025-07-17T16:03:00,opportunity_view,Sample Account 10,Account 360
rep12@sample.example,S00491,2025-07-17T16:04:00,metric_view,Sample Account 10,Account 360
rep01@sample.example,S00492,2025-09-05T06:00:00,search,Sample Account 1,Account 360
rep01@sample.example,S00492,2025-09-05T06:01:00,activity_view,Sample Account 1,Account 360
rep01@sample.example,S00492,2025-09-05T06:02:00,search,Sample Account 1,Account 360
rep01@sample.example,S00492,2025-09-05T06:03:00,search,Sample Account 1,Account 360
rep01@sample.example,S00492,2025-09-05T06:04:00,opportunity_view,Sample Account 1,Account 360
rep01@sample.example,S00492,2025-09-05T06:05:00,search,Sample Account 1,Account 360
rep01@sample.example,S00492,2025-09-05T06:06:00,search,Sample Account 1,Account 360
rep01@sample.example,S00492,2025-09-05T06:07:00,metric_view,Sample Account 1,Account 360
rep02@sample.example,S00493,2026-05-04T11:00:00,search,Sample Account 5,Account 360
rep03@sample.example,S00494,2026-01-20T21:00:00,opportunity_view,Sample Account 9,Account 360
rep03@sample.example,S00494,2026-01-20T21:01:00,metric_view,Sample Account 9,Account 360
rep03@sample.example,S00494,2026-01-20T21:02:00,activity_view,Sample Account 9,Account 360
rep03@sample.example,S00494,2026-01-20T21:03:00,account_view,Sample Account 9,Account 360
rep03@sample.example,S00494,2026-01-20T21:04:00,activity_view,Sample Account 9,Account 360
rep03@sample.example,S00494,2026-01-20T21:05:00,metric_view,Sample Account 9,Account 360
rep03@sample.example,S00494,2026-01-20T21:06:00,activity_view,Sample Account 9,Account 360
rep03@sample.example,S00494,2026-01-20T21:07:00,activity_view,Sample Account 9,Account 360
rep04@sample.example,S00495,2026-03-02T20:00:00,search,Sample Account 10,Account 360
rep04@sample.example,S00495,2026-03-02T20:01:00,search,Sample Account 10,Account 360
rep04@sample.example,S00495,2026-03-02T20:02:00,search,Sample Account 10,Account 360
rep05@sample.example,S00496,2026-01-24T12:00:00,activity_view,Sample Account 14,Account 360
rep05@sample.example,S00496,2026-01-24T12:01:00,search,Sample Account 14,Account 360
rep05@sample.example,S00496,2026-01-24T12:02:00,account_view,Sample Account 14,Account 360
rep05@sample.example,S00496,2026-01-24T12:03:00,activity_view,Sample Account 14,Account 360
rep06@sample.example,S00497,2026-02-07T13:00:00,metric_view,Sample Account 18,Account 360
rep06@sample.example,S00497,2026-02-07T13:01:00,opportunity_view,Sample Account 18,Account 360
rep06@sample.example,S00497,2026-02-07T13:02:00,account_view,Sample Account 18,Account 360
rep06@sample.example,S00497,2026-02-07T13:03:00,metric_view,Sample Account 18,Account 360
rep06@sample.example,S00497,2026-02-07T13:04:00,opportunity_view,Sample Account 18,Account 360
rep06@sample.example,S00497,2026-02-07T13:05:00,opportunity_view,Sample Account 18,Account 360
rep06@sample.example,S00497,2026-02-07T13:06:00,activity_view,Sample Account 18,Account 360
rep07@sample.example,S00498,2025-12-02T07:00:00,search,Sample Account 19,Account 360
rep07@sample.example,S00498,2025-12-02T07:01:00,search,Sample Account 19,Account 360
rep07@sample.example,S00498,2025-12-02T07:02:00,search,Sample Account 19,Account 360
rep07@sample.example,S00498,2025-12-02T07:03:00,metric_view,Sample Account 19,Account 360
rep07@sample.example,S00498,2025-12-02T07:04:00,search,Sample Account 19,Account 360
rep07@sample.example,S00498,2025-12-02T07:05:00,search,Sample Account 19,Account 360
rep07@sample.example,S00498,2025-12-02T07:06:00,search,Sample Account 19,Account 360
rep08@sample.example,S00499,2026-04-30T09:00:00,search,Sample Account 23,Account 360
rep08@sample.example,S00499,2026-04-30T09:01:00,account_view,Sample Account 23,Account 360
rep09@sample.example,S00500,2025-07-26T03:00:00,search,Sample Account 27,Account 360
rep09@sample.example,S00500,2025-07-26T03:01:00,opportunity_view,Sample Account 27,Account 360
rep09@sample.example,S00500,2025-07-26T03:02:00,activity_view,Sample Account 27,Account 360
rep10@sample.example,S00501,2025-11-13T16:00:00,search,Sample Account 28,Account 360
rep10@sample.example,S00501,2025-11-13T16:01:00,search,Sample Account 28,Account 360
rep10@sample.example,S00501,2025-11-13T16:02:00,search,Sample Account 28,Account 360
rep10@sample.example,S00501,2025-11-13T16:03:00,search,Sample Account 28,Account 360
rep10@sample.example,S00501,2025-11-13T16:04:00,account_view,Sample Account 28,Account 360
rep11@sample.example,S00502,2026-05-05T03:00:00,search,Sample Account 22,Account 360
rep11@sample.example,S00502,2026-05-05T03:01:00,search,Sample Account 22,Account 360
rep12@sample.example,S00503,2025-12-25T12:00:00,metric_view,Sample Account 25,Account 360
rep12@sample.example,S00503,2025-12-25T12:01:00,metric_view,Sample Account 25,Account 360
rep12@sample.example,S00503,2025-12-25T12:02:00,opportunity_view,Sample Account 25,Account 360
rep12@sample.example,S00503,2025-12-25T12:03:00,activity_view,Sample Account 25,Account 360
rep01@sample.example,S00504,2025-07-25T05:00:00,search,Sample Account 1,Account 360
rep01@sample.example,S00504,2025-07-25T05:01:00,search,Sample Account 1,Account 360
rep01@sample.example,S00504,2025-07-25T05:02:00,search,Sample Account 1,Account 360
rep02@sample.example,S00505,2026-05-18T14:00:00,account_view,Sample Account 5,Account 360
rep02@sample.example,S00505,2026-05-18T14:01:00,search,Sample Account 5,Account 360
rep02@sample.example,S00505,2026-05-18T14:02:00,opportunity_view,Sample Account 5,Account 360
rep02@sample.example,S00505,2026-05-18T14:03:00,search,Sample Account 5,Account 360
rep02@sample.example,S00505,2026-05-18T14:04:00,activity_view,Sample Account 5,Account 360
rep03@sample.example,S00506,2026-05-27T13:00:00,activity_view,Sample Account 9,Account 360
rep03@sample.example,S00506,2026-05-27T13:01:00,search,Sample Account 9,Account 360
rep03@sample.example,S00506,2026-05-27T13:02:00,search,Sample Account 9,Account 360
rep04@sample.example,S00507,2026-03-25T11:00:00,search,Sample Account 10,Account 360
rep04@sample.example,S00507,2026-03-25T11:01:00,search,Sample Account 10,Account 360
rep04@sample.example,S00507,2026-03-25T11:02:00,search,Sample Account 10,Account 360
rep05@sample.example,S00508,2025-09-26T07:00:00,account_view,Sample Account 14,Account 360
rep05@sample.example,S00508,2025-09-26T07:01:00,account_view,Sample Account 14,Account 360
rep05@sample.example,S00508,2025-09-26T07:02:00,search,Sample Account 14,Account 360
rep05@sample.example,S00508,2025-09-26T07:03:00,metric_view,Sample Account 14,Account 360
rep05@sample.example,S00508,2025-09-26T07:04:00,metric_view,Sample Account 14,Account 360
rep05@sample.example,S00508,2025-09-26T07:05:00,search,Sample Account 14,Account 360
rep05@sample.example,S00508,2025-09-26T07:06:00,activity_view,Sample Account 14,Account 360
rep05@sample.example,S00508,2025-09-26T07:07:00,metric_view,Sample Account 14,Account 360
rep06@sample.example,S00509,2025-07-12T06:00:00,metric_view,Sample Account 18,Account 360
rep07@sample.example,S00510,2026-06-07T13:00:00,search,Sample Account 19,Account 360
rep08@sample.example,S00511,2025-08-11T11:00:00,search,Sample Account 23,Account 360
rep08@sample.example,S00511,2025-08-11T11:01:00,search,Sample Account 23,Account 360
rep08@sample.example,S00511,2025-08-11T11:02:00,metric_view,Sample Account 23,Account 360
rep08@sample.example,S00511,2025-08-11T11:03:00,opportunity_view,Sample Account 23,Account 360
rep08@sample.example,S00511,2025-08-11T11:04:00,search,Sample Account 23,Account 360
rep08@sample.example,S00511,2025-08-11T11:05:00,opportunity_view,Sample Account 23,Account 360
rep08@sample.example,S00511,2025-08-11T11:06:00,search,Sample Account 23,Account 360
rep09@sample.example,S00512,2025-07-08T14:00:00,opportunity_view,Sample Account 27,Account 360
rep09@sample.example,S00512,2025-07-08T14:01:00,search,Sample Account 27,Account 360
rep09@sample.example,S00512,2025-07-08T14:02:00,search,Sample Account 27,Account 360
rep09@sample.example,S00512,2025-07-08T14:03:00,metric_view,Sample Account 27,Account 360
rep10@sample.example,S00513,2026-05-17T21:00:00,search,Sample Account 28,Account 360
rep10@sample.example,S00513,2026-05-17T21:01:00,search,Sample Account 28,Account 360
rep10@sample.example,S00513,2026-05-17T21:02:00,search,Sample Account 28,Account 360
rep10@sample.example,S00513,2026-05-17T21:03:00,search,Sample Account 28,Account 360
rep10@sample.example,S00513,2026-05-17T21:04:00,search,Sample Account 28,Account 360
rep10@sample.example,S00513,2026-05-17T21:05:00,search,Sample Account 28,Account 360
rep10@sample.example,S00513,2026-05-17T21:06:00,search,Sample Account 28,Account 360
rep11@sample.example,S00514,2025-07-27T04:00:00,account_view,Sample Account 10,Account 360
rep11@sample.example,S00514,2025-07-27T04:01:00,search,Sample Account 10,Account 360
rep11@sample.example,S00514,2025-07-27T04:02:00,search,Sample Account 10,Account 360
rep11@sample.example,S00514,2025-07-27T04:03:00,account_view,Sample Account 10,Account 360
rep11@sample.example,S00514,2025-07-27T04:04:00,opportunity_view,Sample Account 10,Account 360
rep11@sample.example,S00514,2025-07-27T04:05:00,activity_view,Sample Account 10,Account 360
rep11@sample.example,S00514,2025-07-27T04:06:00,search,Sample Account 10,Account 360
rep11@sample.example,S00514,2025-07-27T04:07:00,activity_view,Sample Account 10,Account 360
rep12@sample.example,S00515,2026-04-20T06:00:00,opportunity_view,Sample Account 12,Account 360
rep12@sample.example,S00515,2026-04-20T06:01:00,opportunity_view,Sample Account 12,Account 360
rep01@sample.example,S00516,2026-04-09T06:00:00,search,Sample Account 1,Account 360
rep01@sample.example,S00516,2026-04-09T06:01:00,search,Sample Account 1,Account 360
rep01@sample.example,S00516,2026-04-09T06:02:00,search,Sample Account 1,Account 360
rep01@sample.example,S00516,2026-04-09T06:03:00,search,Sample Account 1,Account 360
rep01@sample.example,S00516,2026-04-09T06:04:00,opportunity_view,Sample Account 1,Account 360
rep02@sample.example,S00517,2025-11-19T18:00:00,search,Sample Account 5,Account 360
rep02@sample.example,S00517,2025-11-19T18:01:00,account_view,Sample Account 5,Account 360
rep02@sample.example,S00517,2025-11-19T18:02:00,search,Sample Account 5,Account 360
rep02@sample.example,S00517,2025-11-19T18:03:00,metric_view,Sample Account 5,Account 360
rep02@sample.example,S00517,2025-11-19T18:04:00,search,Sample Account 5,Account 360
rep02@sample.example,S00517,2025-11-19T18:05:00,account_view,Sample Account 5,Account 360
rep02@sample.example,S00517,2025-11-19T18:06:00,search,Sample Account 5,Account 360
rep03@sample.example,S00518,2025-07-09T12:00:00,metric_view,Sample Account 9,Account 360
rep03@sample.example,S00518,2025-07-09T12:01:00,opportunity_view,Sample Account 9,Account 360
rep04@sample.example,S00519,2025-07-22T05:00:00,search,Sample Account 10,Account 360
rep04@sample.example,S00519,2025-07-22T05:01:00,search,Sample Account 10,Account 360
rep04@sample.example,S00519,2025-07-22T05:02:00,search,Sample Account 10,Account 360
rep04@sample.example,S00519,2025-07-22T05:03:00,search,Sample Account 10,Account 360
rep04@sample.example,S00519,2025-07-22T05:04:00,search,Sample Account 10,Account 360
rep04@sample.example,S00519,2025-07-22T05:05:00,search,Sample Account 10,Account 360
rep05@sample.example,S00520,2025-11-04T23:00:00,activity_view,Sample Account 14,Account 360
rep05@sample.example,S00520,2025-11-04T23:01:00,search,Sample Account 14,Account 360
rep05@sample.example,S00520,2025-11-04T23:02:00,activity_view,Sample Account 14,Account 360
rep05@sample.example,S00520,2025-11-04T23:03:00,opportunity_view,Sample Account 14,Account 360
rep05@sample.example,S00520,2025-11-04T23:04:00,search,Sample Account 14,Account 360
rep06@sample.example,S00521,2025-06-25T06:00:00,opportunity_view,Sample Account 18,Account 360
rep06@sample.example,S00521,2025-06-25T06:01:00,metric_view,Sample Account 18,Account 360
rep06@sample.example,S00521,2025-06-25T06:02:00,activity_view,Sample Account 18,Account 360
rep07@sample.example,S00522,2025-07-25T04:00:00,search,Sample Account 19,Account 360
rep07@sample.example,S00522,2025-07-25T04:01:00,search,Sample Account 19,Account 360
rep07@sample.example,S00522,2025-07-25T04:02:00,activity_view,Sample Account 19,Account 360
rep07@sample.example,S00522,2025-07-25T04:03:00,search,Sample Account 19,Account 360
rep07@sample.example,S00522,2025-07-25T04:04:00,search,Sample Account 19,Account 360
rep08@sample.example,S00523,2026-04-12T06:00:00,metric_view,Sample Account 23,Account 360
rep08@sample.example,S00523,2026-04-12T06:01:00,search,Sample Account 23,Account 360
rep08@sample.example,S00523,2026-04-12T06:02:00,search,Sample Account 23,Account 360
rep08@sample.example,S00523,2026-04-12T06:03:00,activity_view,Sample Account 23,Account 360
rep08@sample.example,S00523,2026-04-12T06:04:00,search,Sample Account 23,Account 360
rep08@sample.example,S00523,2026-04-12T06:05:00,account_view,Sample Account 23,Account 360
rep08@sample.example,S00523,2026-04-12T06:06:00,activity_view,Sample Account 23,Account 360
rep09@sample.example,S00524,2026-05-26T03:00:00,activity_view,Sample Account 27,Account 360
rep09@sample.example,S00524,2026-05-26T03:01:00,search,Sample Account 27,Account 360
rep09@sample.example,S00524,2026-05-26T03:02:00,metric_view,Sample Account 27,Account 360
rep09@sample.example,S00524,2026-05-26T03:03:00,search,Sample Account 27,Account 360
rep10@sample.example,S00525,2025-12-15T07:00:00,search,Sample Account 28,Account 360
rep10@sample.example,S00525,2025-12-15T07:01:00,opportunity_view,Sample Account 28,Account 360
rep11@sample.example,S00526,2025-12-09T22:00:00,activity_view,Sample Account 5,Account 360
rep11@sample.example,S00526,2025-12-09T22:01:00,search,Sample Account 5,Account 360
rep11@sample.example,S00526,2025-12-09T22:02:00,account_view,Sample Account 5,Account 360
rep11@sample.example,S00526,2025-12-09T22:03:00,activity_view,Sample Account 5,Account 360
rep11@sample.example,S00526,2025-12-09T22:04:00,account_view,Sample Account 5,Account 360
rep11@sample.example,S00526,2025-12-09T22:05:00,search,Sample Account 5,Account 360
rep11@sample.example,S00526,2025-12-09T22:06:00,search,Sample Account 5,Account 360
rep11@sample.example,S00526,2025-12-09T22:07:00,search,Sample Account 5,Account 360
rep12@sample.example,S00527,2026-05-01T09:00:00,metric_view,Sample Account 5,Account 360
rep12@sample.example,S00527,2026-05-01T09:01:00,opportunity_view,Sample Account 5,Account 360
rep12@sample.example,S00527,2026-05-01T09:02:00,metric_view,Sample Account 5,Account 360
rep12@sample.example,S00527,2026-05-01T09:03:00,metric_view,Sample Account 5,Account 360
rep12@sample.example,S00527,2026-05-01T09:04:00,activity_view,Sample Account 5,Account 360
rep12@sample.example,S00527,2026-05-01T09:05:00,opportunity_view,Sample Account 5,Account 360
rep12@sample.example,S00527,2026-05-01T09:06:00,search,Sample Account 5,Account 360
rep12@sample.example,S00527,2026-05-01T09:07:00,activity_view,Sample Account 5,Account 360
rep01@sample.example,S00528,2026-05-29T08:00:00,search,Sample Account 1,Account 360
rep01@sample.example,S00528,2026-05-29T08:01:00,search,Sample Account 1,Account 360
rep01@sample.example,S00528,2026-05-29T08:02:00,search,Sample Account 1,Account 360
rep01@sample.example,S00528,2026-05-29T08:03:00,search,Sample Account 1,Account 360
rep01@sample.example,S00528,2026-05-29T08:04:00,search,Sample Account 1,Account 360
rep02@sample.example,S00529,2025-09-29T18:00:00,search,Sample Account 5,Account 360
rep02@sample.example,S00529,2025-09-29T18:01:00,search,Sample Account 5,Account 360
rep03@sample.example,S00530,2026-05-29T09:00:00,metric_view,Sample Account 9,Account 360
rep03@sample.example,S00530,2026-05-29T09:01:00,search,Sample Account 9,Account 360
rep03@sample.example,S00530,2026-05-29T09:02:00,activity_view,Sample Account 9,Account 360
rep03@sample.example,S00530,2026-05-29T09:03:00,metric_view,Sample Account 9,Account 360
rep03@sample.example,S00530,2026-05-29T09:04:00,activity_view,Sample Account 9,Account 360
rep03@sample.example,S00530,2026-05-29T09:05:00,search,Sample Account 9,Account 360
rep03@sample.example,S00530,2026-05-29T09:06:00,opportunity_view,Sample Account 9,Account 360
rep03@sample.example,S00530,2026-05-29T09:07:00,account_view,Sample Account 9,Account 360
rep04@sample.example,S00531,2025-12-21T12:00:00,metric_view,Sample Account 10,Account 360
rep04@sample.example,S00531,2025-12-21T12:01:00,metric_view,Sample Account 10,Account 360
rep04@sample.example,S00531,2025-12-21T12:02:00,account_view,Sample Account 10,Account 360
rep04@sample.example,S00531,2025-12-21T12:03:00,search,Sample Account 10,Account 360
rep04@sample.example,S00531,2025-12-21T12:04:00,search,Sample Account 10,Account 360
rep04@sample.example,S00531,2025-12-21T12:05:00,search,Sample Account 10,Account 360
rep04@sample.example,S00531,2025-12-21T12:06:00,search,Sample Account 10,Account 360
rep04@sample.example,S00531,2025-12-21T12:07:00,search,Sample Account 10,Account 360
rep05@sample.example,S00532,2026-05-29T06:00:00,account_view,Sample Account 14,Account 360
rep05@sample.example,S00532,2026-05-29T06:01:00,search,Sample Account 14,Account 360
rep05@sample.example,S00532,2026-05-29T06:02:00,search,Sample Account 14,Account 360
rep05@sample.example,S00532,2026-05-29T06:03:00,search,Sample Account 14,Account 360
rep05@sample.example,S00532,2026-05-29T06:04:00,search,Sample Account 14,Account 360
rep05@sample.example,S00532,2026-05-29T06:05:00,opportunity_view,Sample Account 14,Account 360
rep06@sample.example,S00533,2025-07-26T17:00:00,metric_view,Sample Account 18,Account 360
rep06@sample.example,S00533,2025-07-26T17:01:00,account_view,Sample Account 18,Account 360
rep06@sample.example,S00533,2025-07-26T17:02:00,account_view,Sample Account 18,Account 360
rep06@sample.example,S00533,2025-07-26T17:03:00,account_view,Sample Account 18,Account 360
rep06@sample.example,S00533,2025-07-26T17:04:00,activity_view,Sample Account 18,Account 360
rep06@sample.example,S00533,2025-07-26T17:05:00,opportunity_view,Sample Account 18,Account 360
rep06@sample.example,S00533,2025-07-26T17:06:00,metric_view,Sample Account 18,Account 360
rep07@sample.example,S00534,2025-09-04T21:00:00,activity_view,Sample Account 19,Account 360
rep07@sample.example,S00534,2025-09-04T21:01:00,search,Sample Account 19,Account 360
rep07@sample.example,S00534,2025-09-04T21:02:00,activity_view,Sample Account 19,Account 360
rep07@sample.example,S00534,2025-09-04T21:03:00,search,Sample Account 19,Account 360
rep07@sample.example,S00534,2025-09-04T21:04:00,activity_view,Sample Account 19,Account 360
rep07@sample.example,S00534,2025-09-04T21:05:00,search,Sample Account 19,Account 360
rep08@sample.example,S00535,2026-04-09T23:00:00,metric_view,Sample Account 23,Account 360
rep08@sample.example,S00535,2026-04-09T23:01:00,opportunity_view,Sample Account 23,Account 360
rep08@sample.example,S00535,2026-04-09T23:02:00,opportunity_view,Sample Account 23,Account 360
rep09@sample.example,S00536,2026-05-04T08:00:00,account_view,Sample Account 27,Account 360
rep09@sample.example,S00536,2026-05-04T08:01:00,activity_view,Sample Account 27,Account 360
rep09@sample.example,S00536,2026-05-04T08:02:00,activity_view,Sample Account 27,Account 360
rep09@sample.example,S00536,2026-05-04T08:03:00,account_view,Sample Account 27,Account 360
rep09@sample.example,S00536,2026-05-04T08:04:00,activity_view,Sample Account 27,Account 360
rep10@sample.example,S00537,2025-10-29T22:00:00,search,Sample Account 28,Account 360
rep10@sample.example,S00537,2025-10-29T22:01:00,search,Sample Account 28,Account 360
rep10@sample.example,S00537,2025-10-29T22:02:00,search,Sample Account 28,Account 360
rep10@sample.example,S00537,2025-10-29T22:03:00,search,Sample Account 28,Account 360
rep10@sample.example,S00537,2025-10-29T22:04:00,search,Sample Account 28,Account 360
rep10@sample.example,S00537,2025-10-29T22:05:00,search,Sample Account 28,Account 360
rep10@sample.example,S00537,2025-10-29T22:06:00,search,Sample Account 28,Account 360
rep11@sample.example,S00538,2025-10-28T14:00:00,search,Sample Account 10,Account 360
rep12@sample.example,S00539,2025-06-19T21:00:00,opportunity_view,Sample Account 16,Account 360
rep12@sample.example,S00539,2025-06-19T21:01:00,metric_view,Sample Account 16,Account 360
rep12@sample.example,S00539,2025-06-19T21:02:00,opportunity_view,Sample Account 16,Account 360
rep01@sample.example,S00540,2026-02-28T23:00:00,search,Sample Account 1,Account 360
rep01@sample.example,S00540,2026-02-28T23:01:00,search,Sample Account 1,Account 360
rep01@sample.example,S00540,2026-02-28T23:02:00,search,Sample Account 1,Account 360
rep01@sample.example,S00540,2026-02-28T23:03:00,search,Sample Account 1,Account 360
rep02@sample.example,S00541,2025-09-08T23:00:00,account_view,Sample Account 5,Account 360
rep02@sample.example,S00541,2025-09-08T23:01:00,activity_view,Sample Account 5,Account 360
rep02@sample.example,S00541,2025-09-08T23:02:00,metric_view,Sample Account 5,Account 360
rep02@sample.example,S00541,2025-09-08T23:03:00,search,Sample Account 5,Account 360
rep02@sample.example,S00541,2025-09-08T23:04:00,search,Sample Account 5,Account 360
rep03@sample.example,S00542,2026-04-24T20:00:00,activity_view,Sample Account 9,Account 360
rep04@sample.example,S00543,2026-01-04T17:00:00,search,Sample Account 10,Account 360
rep04@sample.example,S00543,2026-01-04T17:01:00,search,Sample Account 10,Account 360
rep04@sample.example,S00543,2026-01-04T17:02:00,search,Sample Account 10,Account 360
rep04@sample.example,S00543,2026-01-04T17:03:00,search,Sample Account 10,Account 360
rep05@sample.example,S00544,2026-04-07T08:00:00,search,Sample Account 14,Account 360
rep05@sample.example,S00544,2026-04-07T08:01:00,account_view,Sample Account 14,Account 360
rep05@sample.example,S00544,2026-04-07T08:02:00,opportunity_view,Sample Account 14,Account 360
rep05@sample.example,S00544,2026-04-07T08:03:00,opportunity_view,Sample Account 14,Account 360
rep05@sample.example,S00544,2026-04-07T08:04:00,search,Sample Account 14,Account 360
rep05@sample.example,S00544,2026-04-07T08:05:00,metric_view,Sample Account 14,Account 360
rep06@sample.example,S00545,2025-06-22T07:00:00,account_view,Sample Account 18,Account 360
rep06@sample.example,S00545,2025-06-22T07:01:00,account_view,Sample Account 18,Account 360
rep06@sample.example,S00545,2025-06-22T07:02:00,activity_view,Sample Account 18,Account 360
rep06@sample.example,S00545,2025-06-22T07:03:00,activity_view,Sample Account 18,Account 360
rep06@sample.example,S00545,2025-06-22T07:04:00,search,Sample Account 18,Account 360
rep07@sample.example,S00546,2026-04-08T14:00:00,search,Sample Account 19,Account 360
rep07@sample.example,S00546,2026-04-08T14:01:00,search,Sample Account 19,Account 360
rep07@sample.example,S00546,2026-04-08T14:02:00,search,Sample Account 19,Account 360
rep07@sample.example,S00546,2026-04-08T14:03:00,search,Sample Account 19,Account 360
rep07@sample.example,S00546,2026-04-08T14:04:00,search,Sample Account 19,Account 360
rep07@sample.example,S00546,2026-04-08T14:05:00,search,Sample Account 19,Account 360
rep08@sample.example,S00547,2026-05-05T15:00:00,opportunity_view,Sample Account 23,Account 360
rep09@sample.example,S00548,2026-02-26T11:00:00,activity_view,Sample Account 27,Account 360
rep09@sample.example,S00548,2026-02-26T11:01:00,activity_view,Sample Account 27,Account 360
rep09@sample.example,S00548,2026-02-26T11:02:00,search,Sample Account 27,Account 360
rep09@sample.example,S00548,2026-02-26T11:03:00,activity_view,Sample Account 27,Account 360
rep09@sample.example,S00548,2026-02-26T11:04:00,opportunity_view,Sample Account 27,Account 360
rep09@sample.example,S00548,2026-02-26T11:05:00,metric_view,Sample Account 27,Account 360
rep09@sample.example,S00548,2026-02-26T11:06:00,search,Sample Account 27,Account 360
rep09@sample.example,S00548,2026-02-26T11:07:00,activity_view,Sample Account 27,Account 360
rep10@sample.example,S00549,2025-11-25T10:00:00,search,Sample Account 28,Account 360
rep10@sample.example,S00549,2025-11-25T10:01:00,search,Sample Account 28,Account 360
rep10@sample.example,S00549,2025-11-25T10:02:00,opportunity_view,Sample Account 28,Account 360
rep10@sample.example,S00549,2025-11-25T10:03:00,activity_view,Sample Account 28,Account 360
rep10@sample.example,S00549,2025-11-25T10:04:00,search,Sample Account 28,Account 360
rep10@sample.example,S00549,2025-11-25T10:05:00,search,Sample Account 28,Account 360
rep10@sample.example,S00549,2025-11-25T10:06:00,search,Sample Account 28,Account 360
rep10@sample.example,S00549,2025-11-25T10:07:00,search,Sample Account 28,Account 360
rep11@sample.example,S00550,2025-10-29T19:00:00,account_view,Sample Account 11,Account 360
rep11@sample.example,S00550,2025-10-29T19:01:00,account_view,Sample Account 11,Account 360
rep12@sample.example,S00551,2025-12-18T13:00:00,opportunity_view,Sample Account 32,Account 360
rep12@sample.example,S00551,2025-12-18T13:01:00,account_view,Sample Account 32,Account 360
rep12@sample.example,S00551,2025-12-18T13:02:00,metric_view,Sample Account 32,Account 360
rep12@sample.example,S00551,2025-12-18T13:03:00,metric_view,Sample Account 32,Account 360
rep12@sample.example,S00551,2025-12-18T13:04:00,opportunity_view,Sample Account 32,Account 360
rep01@sample.example,S00552,2025-12-13T02:00:00,search,Sample Account 1,Account 360
rep01@sample.example,S00552,2025-12-13T02:01:00,search,Sample Account 1,Account 360
rep01@sample.example,S00552,2025-12-13T02:02:00,search,Sample Account 1,Account 360
rep01@sample.example,S00552,2025-12-13T02:03:00,activity_view,Sample Account 1,Account 360
rep01@sample.example,S00552,2025-12-13T02:04:00,search,Sample Account 1,Account 360
rep02@sample.example,S00553,2025-10-23T20:00:00,search,Sample Account 5,Account 360
rep02@sample.example,S00553,2025-10-23T20:01:00,metric_view,Sample Account 5,Account 360
rep03@sample.example,S00554,2026-02-02T08:00:00,account_view,Sample Account 9,Account 360
rep03@sample.example,S00554,2026-02-02T08:01:00,metric_view,Sample Account 9,Account 360
rep04@sample.example,S00555,2025-09-10T02:00:00,search,Sample Account 10,Account 360
rep04@sample.example,S00555,2025-09-10T02:01:00,search,Sample Account 10,Account 360
rep04@sample.example,S00555,2025-09-10T02:02:00,search,Sample Account 10,Account 360
rep04@sample.example,S00555,2025-09-10T02:03:00,search,Sample Account 10,Account 360
rep04@sample.example,S00555,2025-09-10T02:04:00,search,Sample Account 10,Account 360
rep04@sample.example,S00555,2025-09-10T02:05:00,search,Sample Account 10,Account 360
rep04@sample.example,S00555,2025-09-10T02:06:00,search,Sample Account 10,Account 360
rep04@sample.example,S00555,2025-09-10T02:07:00,search,Sample Account 10,Account 360
rep05@sample.example,S00556,2025-06-25T19:00:00,search,Sample Account 14,Account 360
rep05@sample.example,S00556,2025-06-25T19:01:00,search,Sample Account 14,Account 360
rep05@sample.example,S00556,2025-06-25T19:02:00,opportunity_view,Sample Account 14,Account 360
rep05@sample.example,S00556,2025-06-25T19:03:00,metric_view,Sample Account 14,Account 360
rep06@sample.example,S00557,2025-08-02T07:00:00,opportunity_view,Sample Account 18,Account 360
rep06@sample.example,S00557,2025-08-02T07:01:00,metric_view,Sample Account 18,Account 360
rep07@sample.example,S00558,2025-09-25T04:00:00,account_view,Sample Account 19,Account 360
rep07@sample.example,S00558,2025-09-25T04:01:00,search,Sample Account 19,Account 360
rep08@sample.example,S00559,2025-08-26T14:00:00,opportunity_view,Sample Account 23,Account 360
rep08@sample.example,S00559,2025-08-26T14:01:00,search,Sample Account 23,Account 360
rep08@sample.example,S00559,2025-08-26T14:02:00,activity_view,Sample Account 23,Account 360
rep08@sample.example,S00559,2025-08-26T14:03:00,opportunity_view,Sample Account 23,Account 360
rep08@sample.example,S00559,2025-08-26T14:04:00,metric_view,Sample Account 23,Account 360
rep08@sample.example,S00559,2025-08-26T14:05:00,search,Sample Account 23,Account 360
rep09@sample.example,S00560,2026-03-14T07:00:00,opportunity_view,Sample Account 27,Account 360
rep09@sample.example,S00560,2026-03-14T07:01:00,account_view,Sample Account 27,Account 360
rep09@sample.example,S00560,2026-03-14T07:02:00,account_view,Sample Account 27,Account 360
rep10@sample.example,S00561,2026-03-03T10:00:00,account_view,Sample Account 28,Account 360
rep10@sample.example,S00561,2026-03-03T10:01:00,activity_view,Sample Account 28,Account 360
rep10@sample.example,S00561,2026-03-03T10:02:00,search,Sample Account 28,Account 360
rep11@sample.example,S00562,2026-03-01T00:00:00,search,Sample Account 29,Account 360
rep11@sample.example,S00562,2026-03-01T00:01:00,search,Sample Account 29,Account 360
rep11@sample.example,S00562,2026-03-01T00:02:00,metric_view,Sample Account 29,Account 360
rep11@sample.example,S00562,2026-03-01T00:03:00,account_view,Sample Account 29,Account 360
rep11@sample.example,S00562,2026-03-01T00:04:00,activity_view,Sample Account 29,Account 360
rep11@sample.example,S00562,2026-03-01T00:05:00,activity_view,Sample Account 29,Account 360
rep12@sample.example,S00563,2025-10-29T18:00:00,metric_view,Sample Account 40,Account 360
rep12@sample.example,S00563,2025-10-29T18:01:00,activity_view,Sample Account 40,Account 360
rep12@sample.example,S00563,2025-10-29T18:02:00,account_view,Sample Account 40,Account 360
rep12@sample.example,S00563,2025-10-29T18:03:00,opportunity_view,Sample Account 40,Account 360
rep12@sample.example,S00563,2025-10-29T18:04:00,metric_view,Sample Account 40,Account 360
rep12@sample.example,S00563,2025-10-29T18:05:00,account_view,Sample Account 40,Account 360
rep12@sample.example,S00563,2025-10-29T18:06:00,activity_view,Sample Account 40,Account 360
rep12@sample.example,S00563,2025-10-29T18:07:00,opportunity_view,Sample Account 40,Account 360
rep01@sample.example,S00564,2025-11-27T23:00:00,search,Sample Account 1,Account 360
rep01@sample.example,S00564,2025-11-27T23:01:00,search,Sample Account 1,Account 360
rep01@sample.example,S00564,2025-11-27T23:02:00,search,Sample Account 1,Account 360
rep02@sample.example,S00565,2025-06-08T06:00:00,account_view,Sample Account 5,Account 360
rep02@sample.example,S00565,2025-06-08T06:01:00,activity_view,Sample Account 5,Account 360
rep02@sample.example,S00565,2025-06-08T06:02:00,search,Sample Account 5,Account 360
rep03@sample.example,S00566,2025-07-23T07:00:00,metric_view,Sample Account 9,Account 360
rep04@sample.example,S00567,2025-10-04T03:00:00,search,Sample Account 10,Account 360
rep04@sample.example,S00567,2025-10-04T03:01:00,search,Sample Account 10,Account 360
rep04@sample.example,S00567,2025-10-04T03:02:00,search,Sample Account 10,Account 360
rep04@sample.example,S00567,2025-10-04T03:03:00,opportunity_view,Sample Account 10,Account 360
rep04@sample.example,S00567,2025-10-04T03:04:00,search,Sample Account 10,Account 360
rep04@sample.example,S00567,2025-10-04T03:05:00,metric_view,Sample Account 10,Account 360
rep04@sample.example,S00567,2025-10-04T03:06:00,search,Sample Account 10,Account 360
rep05@sample.example,S00568,2026-03-28T01:00:00,opportunity_view,Sample Account 14,Account 360
rep05@sample.example,S00568,2026-03-28T01:01:00,opportunity_view,Sample Account 14,Account 360
rep05@sample.example,S00568,2026-03-28T01:02:00,search,Sample Account 14,Account 360
rep05@sample.example,S00568,2026-03-28T01:03:00,search,Sample Account 14,Account 360
rep05@sample.example,S00568,2026-03-28T01:04:00,opportunity_view,Sample Account 14,Account 360
rep05@sample.example,S00568,2026-03-28T01:05:00,search,Sample Account 14,Account 360
rep06@sample.example,S00569,2026-03-03T21:00:00,opportunity_view,Sample Account 18,Account 360
rep06@sample.example,S00569,2026-03-03T21:01:00,search,Sample Account 18,Account 360
rep07@sample.example,S00570,2026-05-24T16:00:00,account_view,Sample Account 19,Account 360
rep07@sample.example,S00570,2026-05-24T16:01:00,search,Sample Account 19,Account 360
rep07@sample.example,S00570,2026-05-24T16:02:00,opportunity_view,Sample Account 19,Account 360
rep07@sample.example,S00570,2026-05-24T16:03:00,search,Sample Account 19,Account 360
rep08@sample.example,S00571,2025-12-22T07:00:00,search,Sample Account 23,Account 360
rep09@sample.example,S00572,2025-12-21T09:00:00,activity_view,Sample Account 27,Account 360
rep09@sample.example,S00572,2025-12-21T09:01:00,account_view,Sample Account 27,Account 360
rep09@sample.example,S00572,2025-12-21T09:02:00,opportunity_view,Sample Account 27,Account 360
rep09@sample.example,S00572,2025-12-21T09:03:00,metric_view,Sample Account 27,Account 360
rep09@sample.example,S00572,2025-12-21T09:04:00,account_view,Sample Account 27,Account 360
rep09@sample.example,S00572,2025-12-21T09:05:00,account_view,Sample Account 27,Account 360
rep10@sample.example,S00573,2026-03-20T02:00:00,search,Sample Account 28,Account 360
rep10@sample.example,S00573,2026-03-20T02:01:00,search,Sample Account 28,Account 360
rep10@sample.example,S00573,2026-03-20T02:02:00,search,Sample Account 28,Account 360
rep10@sample.example,S00573,2026-03-20T02:03:00,search,Sample Account 28,Account 360
rep10@sample.example,S00573,2026-03-20T02:04:00,search,Sample Account 28,Account 360
rep10@sample.example,S00573,2026-03-20T02:05:00,search,Sample Account 28,Account 360
rep10@sample.example,S00573,2026-03-20T02:06:00,search,Sample Account 28,Account 360
rep10@sample.example,S00573,2026-03-20T02:07:00,search,Sample Account 28,Account 360
rep11@sample.example,S00574,2026-02-13T08:00:00,search,Sample Account 33,Account 360
rep11@sample.example,S00574,2026-02-13T08:01:00,metric_view,Sample Account 33,Account 360
rep11@sample.example,S00574,2026-02-13T08:02:00,search,Sample Account 33,Account 360
rep11@sample.example,S00574,2026-02-13T08:03:00,search,Sample Account 33,Account 360
rep11@sample.example,S00574,2026-02-13T08:04:00,search,Sample Account 33,Account 360
rep11@sample.example,S00574,2026-02-13T08:05:00,opportunity_view,Sample Account 33,Account 360
rep12@sample.example,S00575,2025-10-12T20:00:00,metric_view,Sample Account 23,Account 360
rep12@sample.example,S00575,2025-10-12T20:01:00,activity_view,Sample Account 23,Account 360
rep12@sample.example,S00575,2025-10-12T20:02:00,activity_view,Sample Account 23,Account 360
rep01@sample.example,S00576,2025-12-31T15:00:00,search,Sample Account 1,Account 360
rep01@sample.example,S00576,2025-12-31T15:01:00,search,Sample Account 1,Account 360
rep01@sample.example,S00576,2025-12-31T15:02:00,search,Sample Account 1,Account 360
rep01@sample.example,S00576,2025-12-31T15:03:00,opportunity_view,Sample Account 1,Account 360
rep01@sample.example,S00576,2025-12-31T15:04:00,search,Sample Account 1,Account 360
rep01@sample.example,S00576,2025-12-31T15:05:00,search,Sample Account 1,Account 360
rep02@sample.example,S00577,2025-06-15T07:00:00,search,Sample Account 5,Account 360
rep02@sample.example,S00577,2025-06-15T07:01:00,search,Sample Account 5,Account 360
rep03@sample.example,S00578,2026-01-14T02:00:00,search,Sample Account 9,Account 360
rep03@sample.example,S00578,2026-01-14T02:01:00,account_view,Sample Account 9,Account 360
rep03@sample.example,S00578,2026-01-14T02:02:00,activity_view,Sample Account 9,Account 360
rep03@sample.example,S00578,2026-01-14T02:03:00,metric_view,Sample Account 9,Account 360
rep03@sample.example,S00578,2026-01-14T02:04:00,activity_view,Sample Account 9,Account 360
rep03@sample.example,S00578,2026-01-14T02:05:00,activity_view,Sample Account 9,Account 360
rep03@sample.example,S00578,2026-01-14T02:06:00,activity_view,Sample Account 9,Account 360
rep03@sample.example,S00578,2026-01-14T02:07:00,opportunity_view,Sample Account 9,Account 360
rep04@sample.example,S00579,2026-01-07T01:00:00,search,Sample Account 10,Account 360
rep04@sample.example,S00579,2026-01-07T01:01:00,activity_view,Sample Account 10,Account 360
rep04@sample.example,S00579,2026-01-07T01:02:00,account_view,Sample Account 10,Account 360
rep04@sample.example,S00579,2026-01-07T01:03:00,search,Sample Account 10,Account 360
rep04@sample.example,S00579,2026-01-07T01:04:00,search,Sample Account 10,Account 360
rep04@sample.example,S00579,2026-01-07T01:05:00,account_view,Sample Account 10,Account 360
rep04@sample.example,S00579,2026-01-07T01:06:00,opportunity_view,Sample Account 10,Account 360
rep05@sample.example,S00580,2026-01-16T20:00:00,search,Sample Account 14,Account 360
rep05@sample.example,S00580,2026-01-16T20:01:00,search,Sample Account 14,Account 360
rep05@sample.example,S00580,2026-01-16T20:02:00,opportunity_view,Sample Account 14,Account 360
rep05@sample.example,S00580,2026-01-16T20:03:00,account_view,Sample Account 14,Account 360
rep05@sample.example,S00580,2026-01-16T20:04:00,search,Sample Account 14,Account 360
rep05@sample.example,S00580,2026-01-16T20:05:00,search,Sample Account 14,Account 360
rep06@sample.example,S00581,2026-05-04T21:00:00,activity_view,Sample Account 18,Account 360
rep06@sample.example,S00581,2026-05-04T21:01:00,account_view,Sample Account 18,Account 360
rep06@sample.example,S00581,2026-05-04T21:02:00,activity_view,Sample Account 18,Account 360
rep07@sample.example,S00582,2026-01-02T05:00:00,metric_view,Sample Account 19,Account 360
rep07@sample.example,S00582,2026-01-02T05:01:00,search,Sample Account 19,Account 360
rep07@sample.example,S00582,2026-01-02T05:02:00,search,Sample Account 19,Account 360
rep07@sample.example,S00582,2026-01-02T05:03:00,search,Sample Account 19,Account 360
rep07@sample.example,S00582,2026-01-02T05:04:00,metric_view,Sample Account 19,Account 360
rep07@sample.example,S00582,2026-01-02T05:05:00,search,Sample Account 19,Account 360
rep08@sample.example,S00583,2025-11-15T18:00:00,search,Sample Account 23,Account 360
rep08@sample.example,S00583,2025-11-15T18:01:00,search,Sample Account 23,Account 360
rep08@sample.example,S00583,2025-11-15T18:02:00,opportunity_view,Sample Account 23,Account 360
rep08@sample.example,S00583,2025-11-15T18:03:00,search,Sample Account 23,Account 360
rep08@sample.example,S00583,2025-11-15T18:04:00,search,Sample Account 23,Account 360
rep08@sample.example,S00583,2025-11-15T18:05:00,account_view,Sample Account 23,Account 360
rep09@sample.example,S00584,2026-02-21T08:00:00,opportunity_view,Sample Account 27,Account 360
rep09@sample.example,S00584,2026-02-21T08:01:00,search,Sample Account 27,Account 360
rep09@sample.example,S00584,2026-02-21T08:02:00,activity_view,Sample Account 27,Account 360
rep09@sample.example,S00584,2026-02-21T08:03:00,metric_view,Sample Account 27,Account 360
rep09@sample.example,S00584,2026-02-21T08:04:00,account_view,Sample Account 27,Account 360
rep10@sample.example,S00585,2026-02-23T00:00:00,search,Sample Account 28,Account 360
rep10@sample.example,S00585,2026-02-23T00:01:00,search,Sample Account 28,Account 360
rep10@sample.example,S00585,2026-02-23T00:02:00,metric_view,Sample Account 28,Account 360
rep10@sample.example,S00585,2026-02-23T00:03:00,metric_view,Sample Account 28,Account 360
rep10@sample.example,S00585,2026-02-23T00:04:00,search,Sample Account 28,Account 360
rep10@sample.example,S00585,2026-02-23T00:05:00,search,Sample Account 28,Account 360
rep11@sample.example,S00586,2025-07-24T16:00:00,search,Sample Account 1,Account 360
rep11@sample.example,S00586,2025-07-24T16:01:00,opportunity_view,Sample Account 1,Account 360
rep11@sample.example,S00586,2025-07-24T16:02:00,search,Sample Account 1,Account 360
rep11@sample.example,S00586,2025-07-24T16:03:00,opportunity_view,Sample Account 1,Account 360
rep12@sample.example,S00587,2025-09-09T13:00:00,metric_view,Sample Account 23,Account 360
rep12@sample.example,S00587,2025-09-09T13:01:00,account_view,Sample Account 23,Account 360
rep12@sample.example,S00587,2025-09-09T13:02:00,metric_view,Sample Account 23,Account 360
rep12@sample.example,S00587,2025-09-09T13:03:00,activity_view,Sample Account 23,Account 360
rep12@sample.example,S00587,2025-09-09T13:04:00,search,Sample Account 23,Account 360
rep01@sample.example,S00588,2025-08-25T03:00:00,search,Sample Account 1,Account 360
rep01@sample.example,S00588,2025-08-25T03:01:00,search,Sample Account 1,Account 360
rep01@sample.example,S00588,2025-08-25T03:02:00,search,Sample Account 1,Account 360
rep01@sample.example,S00588,2025-08-25T03:03:00,search,Sample Account 1,Account 360
rep01@sample.example,S00588,2025-08-25T03:04:00,search,Sample Account 1,Account 360
rep01@sample.example,S00588,2025-08-25T03:05:00,search,Sample Account 1,Account 360
rep01@sample.example,S00588,2025-08-25T03:06:00,search,Sample Account 1,Account 360
rep01@sample.example,S00588,2025-08-25T03:07:00,search,Sample Account 1,Account 360
rep02@sample.example,S00589,2026-05-13T03:00:00,search,Sample Account 5,Account 360
rep02@sample.example,S00589,2026-05-13T03:01:00,search,Sample Account 5,Account 360
rep02@sample.example,S00589,2026-05-13T03:02:00,search,Sample Account 5,Account 360
rep02@sample.example,S00589,2026-05-13T03:03:00,search,Sample Account 5,Account 360
rep02@sample.example,S00589,2026-05-13T03:04:00,account_view,Sample Account 5,Account 360
rep02@sample.example,S00589,2026-05-13T03:05:00,account_view,Sample Account 5,Account 360
rep02@sample.example,S00589,2026-05-13T03:06:00,search,Sample Account 5,Account 360
rep02@sample.example,S00589,2026-05-13T03:07:00,account_view,Sample Account 5,Account 360
rep03@sample.example,S00590,2026-01-22T20:00:00,account_view,Sample Account 9,Account 360
rep03@sample.example,S00590,2026-01-22T20:01:00,account_view,Sample Account 9,Account 360
rep03@sample.example,S00590,2026-01-22T20:02:00,search,Sample Account 9,Account 360
rep03@sample.example,S00590,2026-01-22T20:03:00,search,Sample Account 9,Account 360
rep03@sample.example,S00590,2026-01-22T20:04:00,search,Sample Account 9,Account 360
rep03@sample.example,S00590,2026-01-22T20:05:00,opportunity_view,Sample Account 9,Account 360
rep03@sample.example,S00590,2026-01-22T20:06:00,opportunity_view,Sample Account 9,Account 360
rep03@sample.example,S00590,2026-01-22T20:07:00,opportunity_view,Sample Account 9,Account 360
rep04@sample.example,S00591,2026-04-05T06:00:00,search,Sample Account 10,Account 360
rep04@sample.example,S00591,2026-04-05T06:01:00,search,Sample Account 10,Account 360
rep04@sample.example,S00591,2026-04-05T06:02:00,search,Sample Account 10,Account 360
rep04@sample.example,S00591,2026-04-05T06:03:00,search,Sample Account 10,Account 360
rep04@sample.example,S00591,2026-04-05T06:04:00,search,Sample Account 10,Account 360
rep04@sample.example,S00591,2026-04-05T06:05:00,search,Sample Account 10,Account 360
rep04@sample.example,S00591,2026-04-05T06:06:00,search,Sample Account 10,Account 360
rep05@sample.example,S00592,2025-06-24T23:00:00,search,Sample Account 14,Account 360
rep05@sample.example,S00592,2025-06-24T23:01:00,search,Sample Account 14,Account 360
rep05@sample.example,S00592,2025-06-24T23:02:00,account_view,Sample Account 14,Account 360
rep05@sample.example,S00592,2025-06-24T23:03:00,activity_view,Sample Account 14,Account 360
rep05@sample.example,S00592,2025-06-24T23:04:00,search,Sample Account 14,Account 360
rep05@sample.example,S00592,2025-06-24T23:05:00,search,Sample Account 14,Account 360
rep05@sample.example,S00592,2025-06-24T23:06:00,activity_view,Sample Account 14,Account 360
rep06@sample.example,S00593,2026-03-14T11:00:00,account_view,Sample Account 18,Account 360
rep06@sample.example,S00593,2026-03-14T11:01:00,account_view,Sample Account 18,Account 360
rep06@sample.example,S00593,2026-03-14T11:02:00,account_view,Sample Account 18,Account 360
rep06@sample.example,S00593,2026-03-14T11:03:00,metric_view,Sample Account 18,Account 360
rep07@sample.example,S00594,2025-12-25T09:00:00,search,Sample Account 19,Account 360
rep07@sample.example,S00594,2025-12-25T09:01:00,search,Sample Account 19,Account 360
rep07@sample.example,S00594,2025-12-25T09:02:00,search,Sample Account 19,Account 360
rep07@sample.example,S00594,2025-12-25T09:03:00,search,Sample Account 19,Account 360
rep08@sample.example,S00595,2025-08-17T18:00:00,search,Sample Account 23,Account 360
rep08@sample.example,S00595,2025-08-17T18:01:00,search,Sample Account 23,Account 360
rep08@sample.example,S00595,2025-08-17T18:02:00,search,Sample Account 23,Account 360
rep08@sample.example,S00595,2025-08-17T18:03:00,account_view,Sample Account 23,Account 360
rep08@sample.example,S00595,2025-08-17T18:04:00,search,Sample Account 23,Account 360
rep09@sample.example,S00596,2026-05-29T00:00:00,account_view,Sample Account 27,Account 360
rep09@sample.example,S00596,2026-05-29T00:01:00,metric_view,Sample Account 27,Account 360
rep09@sample.example,S00596,2026-05-29T00:02:00,account_view,Sample Account 27,Account 360
rep09@sample.example,S00596,2026-05-29T00:03:00,search,Sample Account 27,Account 360
rep09@sample.example,S00596,2026-05-29T00:04:00,opportunity_view,Sample Account 27,Account 360
rep09@sample.example,S00596,2026-05-29T00:05:00,metric_view,Sample Account 27,Account 360
rep09@sample.example,S00596,2026-05-29T00:06:00,opportunity_view,Sample Account 27,Account 360
rep09@sample.example,S00596,2026-05-29T00:07:00,search,Sample Account 27,Account 360
rep10@sample.example,S00597,2026-02-11T13:00:00,search,Sample Account 28,Account 360
rep10@sample.example,S00597,2026-02-11T13:01:00,search,Sample Account 28,Account 360
rep10@sample.example,S00597,2026-02-11T13:02:00,search,Sample Account 28,Account 360
rep11@sample.example,S00598,2025-08-22T11:00:00,search,Sample Account 2,Account 360
rep11@sample.example,S00598,2025-08-22T11:01:00,search,Sample Account 2,Account 360
rep11@sample.example,S00598,2025-08-22T11:02:00,search,Sample Account 2,Account 360
rep11@sample.example,S00598,2025-08-22T11:03:00,activity_view,Sample Account 2,Account 360
rep11@sample.example,S00598,2025-08-22T11:04:00,search,Sample Account 2,Account 360
rep11@sample.example,S00598,2025-08-22T11:05:00,search,Sample Account 2,Account 360
rep11@sample.example,S00598,2025-08-22T11:06:00,account_view,Sample Account 2,Account 360
rep12@sample.example,S00599,2025-06-14T00:00:00,account_view,Sample Account 4,Account 360
rep12@sample.example,S00599,2025-06-14T00:01:00,activity_view,Sample Account 4,Account 360
rep12@sample.example,S00599,2025-06-14T00:02:00,activity_view,Sample Account 4,Account 360
rep12@sample.example,S00599,2025-06-14T00:03:00,metric_view,Sample Account 4,Account 360
rep12@sample.example,S00599,2025-06-14T00:04:00,opportunity_view,Sample Account 4,Account 360
